Invoice ID,Branch,City,Customer type,Gender,Product line,Unit price,Quantity,Tax 5%,Sales,Date,Time,Payment,cogs,gross margin percentage,gross income,Rating
57c45d0ae03d,Alex,Yangon,Member,Female,Health and beauty,74.69,7,26.1415,548.9715,1/5/2019,1:08:00 PM,Ewallet,522.83,4.761904762,26.1415,9.1
f21233e64cbb,Giza,Naypyitaw,Normal,Female,Electronic accessories,15.28,5,3.82,80.22,3/8/2019,10:29:00 AM,Cash,76.4,4.761904762,3.82,9.6
420d8afe1e2e,Alex,Yangon,Normal,Female,Home and lifestyle,46.33,7,16.2155,340.5255,3/3/2019,1:23:00 PM,Credit card,324.31,4.761904762,16.2155,7.4
c0884c764fdc,Alex,Yangon,Member,Female,Health and beauty,58.22,8,23.288,489.048,1/27/2019,8:33:00 PM,Ewallet,465.76,4.761904762,23.288,8.4
ebe7d724d425,Alex,Yangon,Member,Female,Sports and travel,86.31,7,30.2085,634.3785,2/8/2019,10:37:00 AM,Ewallet,604.17,4.761904762,30.2085,5.3
f6e87a83f7dd,Giza,Naypyitaw,Member,Female,Electronic accessories,85.39,7,29.8865,627.6165,3/25/2019,6:30:00 PM,Ewallet,597.73,4.761904762,29.8865,4.1
53894c31b258,Alex,Yangon,Member,Female,Electronic accessories,68.84,6,20.652,433.692,2/25/2019,2:36:00 PM,Ewallet,413.04,4.761904762,20.652,5.8
59b390ca673f,Giza,Naypyitaw,Member,Female,Home and lifestyle,73.56,10,36.78,772.38,2/24/2019,11:38:00 AM,Ewallet,735.6,4.761904762,36.78,8.0
a3e557ebbbb1,Alex,Yangon,Member,Female,Health and beauty,36.26,2,3.626,76.146,1/10/2019,5:15:00 PM,Credit card,72.52,4.761904762,3.626,7.2
49fd3ff6ccac,Cairo,Mandalay,Member,Female,Food and beverages,54.84,3,8.226,172.746,2/20/2019,1:27:00 PM,Credit card,164.52,4.761904762,8.226,5.9
584bbec9c35b,Cairo,Mandalay,Member,Female,Fashion accessories,14.48,4,2.896,60.816,2/6/2019,6:07:00 PM,Ewallet,57.92,4.761904762,2.896,4.5
e0e1fa9887bd,Cairo,Mandalay,Member,Female,Electronic accessories,25.51,4,5.102,107.142,3/9/2019,5:03:00 PM,Cash,102.04,4.761904762,5.102,6.8
3d9668bd3419,Alex,Yangon,Member,Female,Electronic accessories,46.95,5,11.7375,246.4875,2/12/2019,10:25:00 AM,Ewallet,234.75,4.761904762,11.7375,7.1
596a0b5c8b12,Alex,Yangon,Member,Female,Food and beverages,43.19,10,21.595,453.495,2/7/2019,4:48:00 PM,Ewallet,431.9,4.761904762,21.595,8.2
19e22c3dfc01,Alex,Yangon,Member,Female,Health and beauty,71.38,10,35.69,749.49,3/29/2019,7:21:00 PM,Cash,713.8,4.761904762,35.69,5.7
e50c0907a21e,Cairo,Mandalay,Member,Female,Sports and travel,93.72,6,28.116,590.436,1/15/2019,4:19:00 PM,Cash,562.32,4.761904762,28.116,4.5
dd45483c5ef5,Alex,Yangon,Member,Female,Health and beauty,68.93,7,24.1255,506.6355,3/11/2019,11:03:00 AM,Credit card,482.51,4.761904762,24.1255,4.6
480d5bc731bf,Alex,Yangon,Member,Female,Sports and travel,72.61,6,21.783,457.443,1/1/2019,10:39:00 AM,Credit card,435.66,4.761904762,21.783,6.9
2451b9f957b6,Alex,Yangon,Member,Female,Food and beverages,54.67,3,8.2005,172.2105,1/21/2019,6:00:00 PM,Credit card,164.01,4.761904762,8.2005,8.6
058dfaed72c2,Cairo,Mandalay,Member,Female,Home and lifestyle,40.3,2,4.03,84.63,3/11/2019,3:30:00 PM,Ewallet,80.6,4.761904762,4.03,4.4
72e5798adbfd,Giza,Naypyitaw,Member,Female,Electronic accessories,86.04,5,21.51,451.71,2/25/2019,11:24:00 AM,Ewallet,430.2,4.761904762,21.51,4.8
a01fa0fa259c,Cairo,Mandalay,Member,Female,Health and beauty,87.98,3,13.197,277.137,3/5/2019,10:40:00 AM,Ewallet,263.94,4.761904762,13.197,5.1
9d875be9d9be,Cairo,Mandalay,Member,Female,Home and lifestyle,33.2,2,3.32,69.72,3/15/2019,12:20:00 PM,Credit card,66.4,4.761904762,3.32,4.4
17d66e790b26,Alex,Yangon,Member,Female,Electronic accessories,34.56,5,8.64,181.44,2/17/2019,11:15:00 AM,Ewallet,172.8,4.761904762,8.64,9.9
d7d7f4327412,Alex,Yangon,Member,Female,Sports and travel,88.63,3,13.2945,279.1845,3/2/2019,5:36:00 PM,Ewallet,265.89,4.761904762,13.2945,6.0
3186b2cdbc8c,Alex,Yangon,Member,Female,Home and lifestyle,52.59,8,21.036,441.756,3/22/2019,7:20:00 PM,Credit card,420.72,4.761904762,21.036,8.5
5f8fa54205d5,Cairo,Mandalay,Member,Female,Fashion accessories,33.52,1,1.676,35.196,2/8/2019,3:31:00 PM,Cash,33.52,4.761904762,1.676,6.7
9cc50ccf077a,Alex,Yangon,Member,Female,Fashion accessories,87.67,2,8.767,184.107,3/10/2019,12:17:00 PM,Credit card,175.34,4.761904762,8.767,7.7
217ba26fcda5,Cairo,Mandalay,Member,Female,Food and beverages,88.36,5,22.09,463.89,1/25/2019,7:48:00 PM,Cash,441.8,4.761904762,22.09,9.6
2b496dddf9ba,Alex,Yangon,Member,Female,Health and beauty,24.89,9,11.2005,235.2105,3/15/2019,3:36:00 PM,Cash,224.01,4.761904762,11.2005,7.4
16ca2264f1bd,Cairo,Mandalay,Member,Female,Fashion accessories,94.13,5,23.5325,494.1825,2/25/2019,7:39:00 PM,Credit card,470.65,4.761904762,23.5325,4.8
47734fc2c995,Cairo,Mandalay,Member,Female,Sports and travel,78.07,9,35.1315,737.7615,1/28/2019,12:43:00 PM,Cash,702.63,4.761904762,35.1315,4.5
f722e913dcde,Cairo,Mandalay,Member,Female,Sports and travel,83.78,8,33.512,703.752,1/10/2019,2:49:00 PM,Cash,670.24,4.761904762,33.512,5.1
ac1fbc853a92,Alex,Yangon,Member,Female,Health and beauty,96.58,2,9.658,202.818,3/15/2019,10:12:00 AM,Credit card,193.16,4.761904762,9.658,5.1
7e3bfccf6ee6,Giza,Naypyitaw,Member,Female,Food and beverages,99.42,4,19.884,417.564,2/6/2019,10:42:00 AM,Ewallet,397.68,4.761904762,19.884,7.5
e23a2335f87b,Giza,Naypyitaw,Member,Female,Sports and travel,68.12,1,3.406,71.526,1/7/2019,12:28:00 PM,Ewallet,68.12,4.761904762,3.406,6.8
565584deb4a6,Alex,Yangon,Member,Female,Sports and travel,62.62,5,15.655,328.755,3/10/2019,7:15:00 PM,Ewallet,313.1,4.761904762,15.655,7.0
a6b015ff0f40,Alex,Yangon,Member,Female,Electronic accessories,60.88,9,27.396,575.316,1/15/2019,5:17:00 PM,Ewallet,547.92,4.761904762,27.396,4.7
6f1a8dfaae0e,Giza,Naypyitaw,Member,Female,Health and beauty,54.92,8,21.968,461.328,3/23/2019,1:24:00 PM,Ewallet,439.36,4.761904762,21.968,7.6
407340263737,Cairo,Mandalay,Member,Female,Home and lifestyle,30.12,8,12.048,253.008,3/3/2019,1:01:00 PM,Cash,240.96,4.761904762,12.048,7.7
61950b39720a,Cairo,Mandalay,Member,Female,Home and lifestyle,86.72,1,4.336,91.056,1/17/2019,6:45:00 PM,Ewallet,86.72,4.761904762,4.336,7.9
22715074b03e,Giza,Naypyitaw,Member,Female,Home and lifestyle,56.11,2,5.611,117.831,2/2/2019,10:11:00 AM,Cash,112.22,4.761904762,5.611,6.3
5eacf0a66c31,Cairo,Mandalay,Member,Female,Sports and travel,69.12,6,20.736,435.456,2/8/2019,1:03:00 PM,Cash,414.72,4.761904762,20.736,5.6
15d13897936a,Giza,Naypyitaw,Member,Female,Food and beverages,98.7,8,39.48,829.08,3/4/2019,8:39:00 PM,Cash,789.6,4.761904762,39.48,7.6
4c58b01387f4,Giza,Naypyitaw,Member,Female,Health and beauty,15.37,2,1.537,32.277,3/16/2019,7:47:00 PM,Cash,30.74,4.761904762,1.537,7.2
b4b26d5b5a6b,Cairo,Mandalay,Member,Female,Electronic accessories,93.96,4,18.792,394.632,3/9/2019,6:00:00 PM,Cash,375.84,4.761904762,18.792,9.5
ac080480fec5,Cairo,Mandalay,Member,Female,Health and beauty,56.69,9,25.5105,535.7205,2/27/2019,5:24:00 PM,Credit card,510.21,4.761904762,25.5105,8.4
bdae762ac2ef,Cairo,Mandalay,Member,Female,Food and beverages,20.01,9,9.0045,189.0945,2/6/2019,3:47:00 PM,Ewallet,180.09,4.761904762,9.0045,4.1
4704a5eb6392,Cairo,Mandalay,Member,Female,Electronic accessories,18.93,6,5.679,119.259,2/10/2019,12:45:00 PM,Credit card,113.58,4.761904762,5.679,8.1
f9a706d4b8fd,Giza,Naypyitaw,Member,Female,Fashion accessories,82.63,10,41.315,867.615,3/19/2019,5:08:00 PM,Ewallet,826.3,4.761904762,41.315,7.9
7d277efe64b0,Giza,Naypyitaw,Member,Female,Food and beverages,91.4,7,31.99,671.79,2/3/2019,10:19:00 AM,Cash,639.8,4.761904762,31.99,9.5
75e73ed1a9a0,Alex,Yangon,Member,Female,Food and beverages,44.59,5,11.1475,234.0975,2/10/2019,3:10:00 PM,Cash,222.95,4.761904762,11.1475,8.5
84a5bfba5275,Cairo,Mandalay,Member,Female,Fashion accessories,17.87,4,3.574,75.054,3/22/2019,2:42:00 PM,Ewallet,71.48,4.761904762,3.574,6.5
021403c7f3b4,Giza,Naypyitaw,Member,Female,Fashion accessories,15.43,1,0.7715,16.2015,1/25/2019,3:46:00 PM,Credit card,15.43,4.761904762,0.7715,6.1
7fc75c5496d0,Cairo,Mandalay,Member,Female,Home and lifestyle,16.16,2,1.616,33.936,3/7/2019,11:49:00 AM,Ewallet,32.32,4.761904762,1.616,6.5
deabac5b4af9,Giza,Naypyitaw,Member,Female,Electronic accessories,85.98,8,34.392,722.232,2/28/2019,7:01:00 PM,Cash,687.84,4.761904762,34.392,8.2
bfd4fd2d245e,Alex,Yangon,Member,Female,Home and lifestyle,44.34,2,4.434,93.114,3/27/2019,11:26:00 AM,Cash,88.68,4.761904762,4.434,5.8
f72bbecda3fa,Alex,Yangon,Member,Female,Health and beauty,89.6,8,35.84,752.64,2/7/2019,11:28:00 AM,Ewallet,716.8,4.761904762,35.84,6.6
627471a21296,Alex,Yangon,Member,Female,Home and lifestyle,72.35,10,36.175,759.675,1/20/2019,3:55:00 PM,Cash,723.5,4.761904762,36.175,5.4
5d433a980d48,Giza,Naypyitaw,Member,Female,Electronic accessories,30.61,6,9.183,192.843,3/12/2019,8:36:00 PM,Cash,183.66,4.761904762,9.183,9.3
b32e7c7a1450,Giza,Naypyitaw,Member,Female,Sports and travel,24.74,3,3.711,77.931,2/15/2019,5:47:00 PM,Credit card,74.22,4.761904762,3.711,10.0
181d9bcf9d69,Giza,Naypyitaw,Member,Female,Home and lifestyle,55.73,6,16.719,351.099,2/24/2019,10:55:00 AM,Ewallet,334.38,4.761904762,16.719,7.0
8129da503afa,Cairo,Mandalay,Member,Female,Sports and travel,55.07,9,24.7815,520.4115,2/3/2019,1:40:00 PM,Ewallet,495.63,4.761904762,24.7815,10.0
666d569fefa6,Alex,Yangon,Member,Female,Sports and travel,15.81,10,7.905,166.005,3/6/2019,12:27:00 PM,Credit card,158.1,4.761904762,7.905,8.6
d8032b729e3f,Cairo,Mandalay,Member,Female,Health and beauty,75.74,4,15.148,318.108,2/14/2019,2:35:00 PM,Cash,302.96,4.761904762,15.148,7.6
51a755c91916,Alex,Yangon,Member,Female,Health and beauty,15.87,10,7.935,166.635,3/13/2019,4:40:00 PM,Cash,158.7,4.761904762,7.935,5.8
0a653d602f7e,Giza,Naypyitaw,Member,Female,Health and beauty,33.47,2,3.347,70.287,2/10/2019,3:43:00 PM,Ewallet,66.94,4.761904762,3.347,6.7
4e19812da863,Cairo,Mandalay,Member,Female,Fashion accessories,97.61,6,29.283,614.943,1/7/2019,3:01:00 PM,Ewallet,585.66,4.761904762,29.283,9.9
02033eff1f87,Alex,Yangon,Member,Female,Sports and travel,78.77,10,39.385,827.085,1/24/2019,10:04:00 AM,Cash,787.7,4.761904762,39.385,6.4
59698b081f49,Alex,Yangon,Member,Female,Health and beauty,18.33,1,0.9165,19.2465,2/2/2019,6:50:00 PM,Cash,18.33,4.761904762,0.9165,4.3
f4282128d7d5,Giza,Naypyitaw,Member,Female,Food and beverages,89.48,10,44.74,939.54,1/6/2019,12:46:00 PM,Credit card,894.8,4.761904762,44.74,9.6
5597024377da,Giza,Naypyitaw,Member,Female,Fashion accessories,62.12,10,31.06,652.26,2/11/2019,4:19:00 PM,Cash,621.2,4.761904762,31.06,5.9
2075ed752344,Cairo,Mandalay,Member,Female,Food and beverages,48.52,3,7.278,152.838,3/5/2019,6:17:00 PM,Ewallet,145.56,4.761904762,7.278,4.0
373d15cb6455,Giza,Naypyitaw,Member,Female,Electronic accessories,75.91,6,22.773,478.233,3/9/2019,6:21:00 PM,Cash,455.46,4.761904762,22.773,8.7
16bf0a925db4,Alex,Yangon,Member,Female,Home and lifestyle,74.67,9,33.6015,705.6315,1/22/2019,10:55:00 AM,Ewallet,672.03,4.761904762,33.6015,9.4
82e1ab7471f5,Giza,Naypyitaw,Member,Female,Electronic accessories,41.65,10,20.825,437.325,1/13/2019,5:04:00 PM,Credit card,416.5,4.761904762,20.825,5.4
b1f27ffce894,Giza,Naypyitaw,Member,Female,Fashion accessories,49.04,9,22.068,463.428,1/9/2019,2:20:00 PM,Credit card,441.36,4.761904762,22.068,8.6
5daf42a3222f,Alex,Yangon,Member,Female,Fashion accessories,20.01,9,9.0045,189.0945,1/12/2019,3:48:00 PM,Credit card,180.09,4.761904762,9.0045,5.7
948b36d91ac2,Giza,Naypyitaw,Member,Female,Food and beverages,78.31,10,39.155,822.255,3/5/2019,4:24:00 PM,Ewallet,783.1,4.761904762,39.155,6.6
ea1cf39c7794,Giza,Naypyitaw,Member,Female,Health and beauty,20.38,5,5.095,106.995,1/22/2019,6:56:00 PM,Cash,101.9,4.761904762,5.095,6.0
ec050d25a836,Giza,Naypyitaw,Member,Female,Health and beauty,99.19,6,29.757,624.897,1/21/2019,2:42:00 PM,Credit card,595.14,4.761904762,29.757,5.5
25898aba713a,Cairo,Mandalay,Member,Female,Food and beverages,96.68,3,14.502,304.542,1/26/2019,7:56:00 PM,Ewallet,290.04,4.761904762,14.502,6.4
6df22aa3cb46,Giza,Naypyitaw,Member,Female,Food and beverages,19.25,8,7.7,161.7,1/23/2019,6:37:00 PM,Ewallet,154.0,4.761904762,7.7,6.6
8bf3f8806a71,Giza,Naypyitaw,Member,Female,Food and beverages,80.36,4,16.072,337.512,2/23/2019,6:45:00 PM,Credit card,321.44,4.761904762,16.072,8.3
6c5c2b7d1239,Giza,Naypyitaw,Member,Female,Sports and travel,48.91,5,12.2275,256.7775,3/9/2019,10:17:00 AM,Cash,244.55,4.761904762,12.2275,6.6
2976e7eb31bb,Giza,Naypyitaw,Member,Female,Sports and travel,83.06,7,29.071,610.491,3/5/2019,2:31:00 PM,Ewallet,581.42,4.761904762,29.071,4.0
b0536d96d88e,Giza,Naypyitaw,Member,Female,Fashion accessories,76.52,5,19.13,401.73,3/25/2019,10:23:00 AM,Cash,382.6,4.761904762,19.13,9.9
3928b78393b6,Alex,Yangon,Member,Female,Food and beverages,49.38,7,17.283,362.943,3/27/2019,8:35:00 PM,Credit card,345.66,4.761904762,17.283,7.3
5621e5513609,Alex,Yangon,Member,Female,Sports and travel,42.47,1,2.1235,44.5935,1/2/2019,4:57:00 PM,Cash,42.47,4.761904762,2.1235,5.7
df0b64fcdbda,Cairo,Mandalay,Member,Female,Health and beauty,76.99,6,23.097,485.037,2/27/2019,5:55:00 PM,Cash,461.94,4.761904762,23.097,6.1
c9cf3647cd14,Giza,Naypyitaw,Member,Female,Home and lifestyle,47.38,4,9.476,198.996,1/23/2019,10:25:00 AM,Cash,189.52,4.761904762,9.476,7.1
4be3d7f2cd4d,Giza,Naypyitaw,Member,Female,Sports and travel,44.86,10,22.43,471.03,1/26/2019,7:54:00 PM,Ewallet,448.6,4.761904762,22.43,8.2
297cac9810e6,Alex,Yangon,Member,Female,Sports and travel,21.98,7,7.693,161.553,1/10/2019,4:42:00 PM,Ewallet,153.86,4.761904762,7.693,5.1
bb28f30d40f0,Cairo,Mandalay,Member,Female,Health and beauty,64.36,9,28.962,608.202,3/12/2019,12:09:00 PM,Credit card,579.24,4.761904762,28.962,8.6
481427845f86,Giza,Naypyitaw,Member,Female,Health and beauty,89.75,1,4.4875,94.2375,2/6/2019,8:05:00 PM,Credit card,89.75,4.761904762,4.4875,6.6
95595bfed4ba,Alex,Yangon,Member,Female,Electronic accessories,97.16,1,4.858,102.018,3/8/2019,8:38:00 PM,Ewallet,97.16,4.761904762,4.858,7.2
c0185bcfc08f,Cairo,Mandalay,Member,Female,Health and beauty,87.87,10,43.935,922.635,3/29/2019,10:25:00 AM,Ewallet,878.7,4.761904762,43.935,5.1
57524714e919,Giza,Naypyitaw,Member,Female,Electronic accessories,12.45,6,3.735,78.435,2/9/2019,1:11:00 PM,Cash,74.7,4.761904762,3.735,4.1
db76b7bd2db0,Alex,Yangon,Member,Female,Food and beverages,52.75,3,7.9125,166.1625,3/23/2019,10:16:00 AM,Ewallet,158.25,4.761904762,7.9125,9.3
8a1e96097f0b,Cairo,Mandalay,Member,Female,Home and lifestyle,82.7,6,24.81,521.01,3/5/2019,6:14:00 PM,Cash,496.2,4.761904762,24.81,7.4
1bd5a4c7e72f,Giza,Naypyitaw,Member,Female,Fashion accessories,48.71,1,2.4355,51.1455,3/26/2019,7:20:00 PM,Cash,48.71,4.761904762,2.4355,4.1
de6dbedb3589,Giza,Naypyitaw,Member,Female,Fashion accessories,78.55,9,35.3475,742.2975,3/1/2019,1:22:00 PM,Cash,706.95,4.761904762,35.3475,7.2
168629266993,Giza,Naypyitaw,Member,Female,Electronic accessories,23.07,9,10.3815,218.0115,2/1/2019,11:27:00 AM,Cash,207.63,4.761904762,10.3815,4.9
170988729645,Alex,Yangon,Member,Female,Food and beverages,58.26,6,17.478,367.038,3/28/2019,4:44:00 PM,Cash,349.56,4.761904762,17.478,9.9
6cfd725d7416,Cairo,Mandalay,Member,Female,Health and beauty,30.35,7,10.6225,223.0725,3/19/2019,6:19:00 PM,Cash,212.45,4.761904762,10.6225,8.0
6660a483568a,Alex,Yangon,Member,Female,Electronic accessories,88.67,10,44.335,931.035,1/12/2019,2:50:00 PM,Ewallet,886.7,4.761904762,44.335,7.3
8f3c90b487fe,Giza,Naypyitaw,Member,Female,Fashion accessories,27.38,6,8.214,172.494,1/5/2019,8:54:00 PM,Credit card,164.28,4.761904762,8.214,7.9
6128fce2746e,Alex,Yangon,Member,Female,Sports and travel,62.13,6,18.639,391.419,3/22/2019,8:19:00 PM,Cash,372.78,4.761904762,18.639,7.4
6e927bd86bd4,Giza,Naypyitaw,Member,Female,Food and beverages,33.98,9,15.291,321.111,3/24/2019,10:43:00 AM,Cash,305.82,4.761904762,15.291,4.2
2cdfb057926f,Giza,Naypyitaw,Member,Female,Electronic accessories,81.97,10,40.985,860.685,3/3/2019,2:30:00 PM,Cash,819.7,4.761904762,40.985,9.2
7bed77e809da,Cairo,Mandalay,Member,Female,Sports and travel,16.49,2,1.649,34.629,2/5/2019,11:32:00 AM,Ewallet,32.98,4.761904762,1.649,4.6
38ffc099d7ad,Giza,Naypyitaw,Member,Female,Health and beauty,98.21,3,14.7315,309.3615,2/5/2019,10:41:00 AM,Credit card,294.63,4.761904762,14.7315,7.8
66bf51de8f9b,Cairo,Mandalay,Member,Female,Fashion accessories,72.84,7,25.494,535.374,2/15/2019,12:44:00 PM,Cash,509.88,4.761904762,25.494,8.4
7d08b380f58c,Alex,Yangon,Member,Female,Home and lifestyle,58.07,9,26.1315,548.7615,1/19/2019,8:07:00 PM,Ewallet,522.63,4.761904762,26.1315,4.3
d8dc69330ace,Giza,Naypyitaw,Member,Female,Home and lifestyle,80.79,9,36.3555,763.4655,2/1/2019,8:31:00 PM,Credit card,727.11,4.761904762,36.3555,9.5
e5bc27d0c561,Giza,Naypyitaw,Member,Female,Fashion accessories,27.02,3,4.053,85.113,3/2/2019,1:01:00 PM,Credit card,81.06,4.761904762,4.053,7.1
be3d135fe37c,Cairo,Mandalay,Member,Female,Fashion accessories,21.94,5,5.485,115.185,3/5/2019,12:29:00 PM,Ewallet,109.7,4.761904762,5.485,5.3
e789ca169496,Cairo,Mandalay,Member,Female,Fashion accessories,51.36,1,2.568,53.928,1/16/2019,3:26:00 PM,Ewallet,51.36,4.761904762,2.568,5.2
c636ae580a29,Alex,Yangon,Member,Female,Food and beverages,10.96,10,5.48,115.08,2/2/2019,8:48:00 PM,Ewallet,109.6,4.761904762,5.48,6.0
8d24484e9b88,Cairo,Mandalay,Member,Female,Home and lifestyle,53.44,2,5.344,112.224,1/20/2019,8:38:00 PM,Ewallet,106.88,4.761904762,5.344,4.1
118ef8bfe15b,Alex,Yangon,Member,Female,Electronic accessories,99.56,8,39.824,836.304,2/14/2019,5:03:00 PM,Credit card,796.48,4.761904762,39.824,5.2
0920eb544275,Giza,Naypyitaw,Member,Female,Sports and travel,57.12,7,19.992,419.832,1/12/2019,12:02:00 PM,Credit card,399.84,4.761904762,19.992,6.5
1fd9711ca900,Cairo,Mandalay,Member,Female,Sports and travel,99.96,9,44.982,944.622,3/9/2019,5:26:00 PM,Credit card,899.64,4.761904762,44.982,4.2
de257e5c7063,Giza,Naypyitaw,Member,Female,Home and lifestyle,63.91,8,25.564,536.844,3/13/2019,7:52:00 PM,Credit card,511.28,4.761904762,25.564,4.6
81a501ece55e,Cairo,Mandalay,Member,Female,Fashion accessories,56.47,8,22.588,474.348,3/9/2019,2:57:00 PM,Ewallet,451.76,4.761904762,22.588,7.3
efcd3c27702c,Alex,Yangon,Member,Female,Home and lifestyle,93.69,7,32.7915,688.6215,3/10/2019,6:44:00 PM,Credit card,655.83,4.761904762,32.7915,4.5
d7e475e4065e,Alex,Yangon,Member,Female,Sports and travel,32.25,5,8.0625,169.3125,1/27/2019,1:26:00 PM,Cash,161.25,4.761904762,8.0625,9.0
72106f1fee5b,Giza,Naypyitaw,Member,Female,Fashion accessories,31.73,9,14.2785,299.8485,1/8/2019,4:17:00 PM,Credit card,285.57,4.761904762,14.2785,5.9
bacc9aa1329d,Giza,Naypyitaw,Member,Female,Food and beverages,68.54,8,27.416,575.736,1/8/2019,3:57:00 PM,Ewallet,548.32,4.761904762,27.416,8.5
73d87de23107,Cairo,Mandalay,Member,Female,Sports and travel,90.28,9,40.626,853.146,2/8/2019,11:15:00 AM,Ewallet,812.52,4.761904762,40.626,7.2
684b987a82b3,Cairo,Mandalay,Normal,Female,Fashion accessories,39.62,7,13.867,291.207,1/25/2019,1:18:00 PM,Cash,277.34,4.761904762,13.867,7.5
8b95f826cb28,Alex,Yangon,Member,Female,Sports and travel,92.13,6,27.639,580.419,3/6/2019,8:34:00 PM,Cash,552.78,4.761904762,27.639,8.3
dbef1abccb2b,Cairo,Mandalay,Normal,Female,Sports and travel,34.84,4,6.968,146.328,2/10/2019,6:36:00 PM,Cash,139.36,4.761904762,6.968,7.4
a1ffc792ee85,Cairo,Mandalay,Member,Female,Electronic accessories,87.45,6,26.235,550.935,2/17/2019,2:40:00 PM,Credit card,524.7,4.761904762,26.235,8.8
cd24551a3a4d,Giza,Naypyitaw,Normal,Female,Health and beauty,81.3,6,24.39,512.19,3/8/2019,4:43:00 PM,Ewallet,487.8,4.761904762,24.39,5.3
f7cc4653deec,Giza,Naypyitaw,Normal,Female,Fashion accessories,90.22,3,13.533,284.193,2/18/2019,7:39:00 PM,Cash,270.66,4.761904762,13.533,6.2
da0b17f0f894,Alex,Yangon,Normal,Female,Electronic accessories,26.31,5,6.5775,138.1275,1/18/2019,8:59:00 PM,Credit card,131.55,4.761904762,6.5775,8.8
9998548ddd70,Alex,Yangon,Member,Female,Home and lifestyle,34.42,6,10.326,216.846,2/18/2019,3:39:00 PM,Cash,206.52,4.761904762,10.326,9.8
6ecd861bc188,Cairo,Mandalay,Normal,Female,Sports and travel,51.91,10,25.955,545.055,2/16/2019,12:21:00 PM,Cash,519.1,4.761904762,25.955,8.2
8b56bd38623e,Alex,Yangon,Normal,Female,Sports and travel,72.5,8,29.0,609.0,3/16/2019,7:25:00 PM,Ewallet,580.0,4.761904762,29.0,9.2
8ba0aa46dc04,Giza,Naypyitaw,Member,Female,Sports and travel,89.8,10,44.9,942.9,1/23/2019,1:00:00 PM,Credit card,898.0,4.761904762,44.9,5.4
9b3487d84223,Giza,Naypyitaw,Member,Male,Health and beauty,90.5,10,45.25,950.25,1/25/2019,1:48:00 PM,Cash,905.0,4.761904762,45.25,8.1
3b53ea446cd4,Giza,Naypyitaw,Member,Female,Health and beauty,68.6,10,34.3,720.3,2/5/2019,7:57:00 PM,Cash,686.0,4.761904762,34.3,9.1
6696863f98ae,Giza,Naypyitaw,Member,Female,Food and beverages,30.41,1,1.5205,31.9305,2/22/2019,10:36:00 AM,Credit card,30.41,4.761904762,1.5205,8.4
669b991b4f79,Alex,Yangon,Normal,Female,Home and lifestyle,77.95,6,23.385,491.085,1/21/2019,4:37:00 PM,Ewallet,467.7,4.761904762,23.385,8.0
ec7f160954bf,Giza,Naypyitaw,Normal,Female,Health and beauty,46.26,6,13.878,291.438,3/8/2019,5:11:00 PM,Credit card,277.56,4.761904762,13.878,9.5
807897768220,Alex,Yangon,Member,Female,Fashion accessories,30.14,10,15.07,316.47,2/10/2019,12:28:00 PM,Ewallet,301.4,4.761904762,15.07,9.2
6c0489d0b456,Giza,Naypyitaw,Normal,Male,Health and beauty,66.14,4,13.228,277.788,3/19/2019,12:46:00 PM,Credit card,264.56,4.761904762,13.228,5.6
9cb2b279c2f1,Cairo,Mandalay,Member,Male,Home and lifestyle,71.86,8,28.744,603.624,3/6/2019,3:07:00 PM,Credit card,574.88,4.761904762,28.744,6.2
44c96cc77def,Alex,Yangon,Normal,Male,Health and beauty,32.46,8,12.984,272.664,3/27/2019,1:48:00 PM,Credit card,259.68,4.761904762,12.984,4.9
142d41358058,Cairo,Mandalay,Member,Female,Fashion accessories,91.54,4,18.308,384.468,3/23/2019,7:20:00 PM,Credit card,366.16,4.761904762,18.308,4.8
4b2a8f4682f0,Giza,Naypyitaw,Member,Male,Sports and travel,34.56,7,12.096,254.016,3/11/2019,4:07:00 PM,Credit card,241.92,4.761904762,12.096,7.3
aaf9bda00b29,Alex,Yangon,Normal,Male,Fashion accessories,83.24,9,37.458,786.618,1/29/2019,11:56:00 AM,Credit card,749.16,4.761904762,37.458,7.4
531f83595e85,Giza,Naypyitaw,Normal,Female,Food and beverages,16.48,6,4.944,103.824,2/7/2019,6:23:00 PM,Ewallet,98.88,4.761904762,4.944,9.9
aa2b8ff5e90e,Giza,Naypyitaw,Normal,Female,Sports and travel,80.97,8,32.388,680.148,1/28/2019,1:05:00 PM,Cash,647.76,4.761904762,32.388,9.3
9d6d736b6a3e,Alex,Yangon,Member,Male,Food and beverages,92.29,5,23.0725,484.5225,2/20/2019,3:55:00 PM,Credit card,461.45,4.761904762,23.0725,9.0
0534be2b3f84,Cairo,Mandalay,Member,Male,Electronic accessories,72.17,1,3.6085,75.7785,1/4/2019,7:40:00 PM,Cash,72.17,4.761904762,3.6085,6.1
bfa6e7829955,Cairo,Mandalay,Normal,Male,Home and lifestyle,50.28,5,12.57,263.97,3/7/2019,1:58:00 PM,Ewallet,251.4,4.761904762,12.57,9.7
2ca214a88a5b,Cairo,Mandalay,Member,Male,Health and beauty,97.22,9,43.749,918.729,3/30/2019,2:43:00 PM,Ewallet,874.98,4.761904762,43.749,6.0
8f0f15bb5f30,Cairo,Mandalay,Normal,Male,Sports and travel,93.39,6,28.017,588.357,3/27/2019,7:18:00 PM,Ewallet,560.34,4.761904762,28.017,10.0
f008d3b5b3a7,Giza,Naypyitaw,Normal,Female,Food and beverages,43.18,8,17.272,362.712,1/19/2019,7:39:00 PM,Credit card,345.44,4.761904762,17.272,8.3
a96d43f69e7d,Alex,Yangon,Normal,Male,Sports and travel,63.69,1,3.1845,66.8745,2/25/2019,4:21:00 PM,Cash,63.69,4.761904762,3.1845,6.0
7d132d2abd39,Alex,Yangon,Normal,Male,Food and beverages,45.79,7,16.0265,336.5565,3/13/2019,7:44:00 PM,Credit card,320.53,4.761904762,16.0265,7.0
f580a0a80f8f,Giza,Naypyitaw,Normal,Male,Sports and travel,76.4,2,7.64,160.44,1/30/2019,7:42:00 PM,Ewallet,152.8,4.761904762,7.64,6.5
5494aa1a3be5,Cairo,Mandalay,Normal,Male,Food and beverages,39.9,10,19.95,418.95,2/20/2019,3:24:00 PM,Credit card,399.0,4.761904762,19.95,5.9
210872cba0e7,Cairo,Mandalay,Member,Male,Health and beauty,42.57,8,17.028,357.588,2/25/2019,2:12:00 PM,Ewallet,340.56,4.761904762,17.028,5.6
bb908ee43266,Giza,Naypyitaw,Normal,Male,Home and lifestyle,95.58,10,47.79,1003.59,1/16/2019,1:32:00 PM,Cash,955.8,4.761904762,47.79,4.8
ef225ff299c6,Alex,Yangon,Normal,Male,Fashion accessories,98.98,10,49.49,1039.29,2/8/2019,4:20:00 PM,Credit card,989.8,4.761904762,49.49,8.7
b770e318bd0e,Alex,Yangon,Normal,Male,Food and beverages,51.28,6,15.384,323.064,1/19/2019,4:31:00 PM,Cash,307.68,4.761904762,15.384,6.5
164a08fdedc1,Alex,Yangon,Member,Male,Sports and travel,69.52,7,24.332,510.972,2/1/2019,3:10:00 PM,Credit card,486.64,4.761904762,24.332,8.5
226f0a5156ad,Alex,Yangon,Normal,Male,Health and beauty,70.01,5,17.5025,367.5525,1/3/2019,11:36:00 AM,Ewallet,350.05,4.761904762,17.5025,5.5
5fd96db4eb15,Cairo,Mandalay,Member,Male,Food and beverages,80.05,5,20.0125,420.2625,1/26/2019,12:45:00 PM,Credit card,400.25,4.761904762,20.0125,9.4
9ff5ad6bafba,Giza,Naypyitaw,Normal,Male,Electronic accessories,20.85,8,8.34,175.14,3/3/2019,7:17:00 PM,Cash,166.8,4.761904762,8.34,6.3
97d3f1e75c15,Cairo,Mandalay,Member,Male,Electronic accessories,52.89,6,15.867,333.207,1/19/2019,5:34:00 PM,Credit card,317.34,4.761904762,15.867,9.8
0a9639777d0d,Cairo,Mandalay,Normal,Male,Food and beverages,19.79,8,7.916,166.236,1/18/2019,12:04:00 PM,Ewallet,158.32,4.761904762,7.916,8.7
4eeba9b8b50b,Alex,Yangon,Member,Male,Home and lifestyle,33.84,9,15.228,319.788,3/21/2019,4:21:00 PM,Ewallet,304.56,4.761904762,15.228,8.8
bfab3c6de29e,Alex,Yangon,Member,Male,Food and beverages,22.17,8,8.868,186.228,3/3/2019,5:01:00 PM,Credit card,177.36,4.761904762,8.868,9.6
fab1d6462b4c,Giza,Naypyitaw,Normal,Female,Fashion accessories,22.51,7,7.8785,165.4485,2/13/2019,10:50:00 AM,Credit card,157.57,4.761904762,7.8785,4.8
6f2a09d60f81,Alex,Yangon,Normal,Male,Food and beverages,73.88,6,22.164,465.444,3/23/2019,7:16:00 PM,Ewallet,443.28,4.761904762,22.164,4.4
8d2fa83042ff,Giza,Naypyitaw,Member,Male,Health and beauty,86.8,3,13.02,273.42,1/28/2019,4:47:00 PM,Ewallet,260.4,4.761904762,13.02,9.9
3c67c3b92bb2,Giza,Naypyitaw,Normal,Male,Fashion accessories,64.26,7,22.491,472.311,2/9/2019,10:00:00 AM,Cash,449.82,4.761904762,22.491,5.7
5694c40dd817,Giza,Naypyitaw,Member,Male,Food and beverages,38.47,8,15.388,323.148,1/23/2019,11:51:00 AM,Cash,307.76,4.761904762,15.388,7.7
c56cc85bc487,Alex,Yangon,Member,Male,Sports and travel,15.5,10,7.75,162.75,3/23/2019,10:55:00 AM,Ewallet,155.0,4.761904762,7.75,8.0
ad8aed429f60,Giza,Naypyitaw,Normal,Male,Health and beauty,34.31,8,13.724,288.204,1/25/2019,3:00:00 PM,Ewallet,274.48,4.761904762,13.724,5.7
90a400e2c5a2,Alex,Yangon,Normal,Female,Sports and travel,12.34,7,4.319,90.699,3/4/2019,11:19:00 AM,Credit card,86.38,4.761904762,4.319,6.7
42235455e9ef,Cairo,Mandalay,Member,Male,Food and beverages,18.08,3,2.712,56.952,3/5/2019,7:46:00 PM,Ewallet,54.24,4.761904762,2.712,8.0
1e3df0e9b76d,Cairo,Mandalay,Member,Female,Home and lifestyle,94.49,8,37.796,793.716,3/3/2019,7:00:00 PM,Ewallet,755.92,4.761904762,37.796,7.5
882fcd66f253,Cairo,Mandalay,Member,Male,Home and lifestyle,46.47,4,9.294,195.174,2/8/2019,10:53:00 AM,Cash,185.88,4.761904762,9.294,7.0
73bd0e10b194,Alex,Yangon,Normal,Male,Home and lifestyle,74.07,1,3.7035,77.7735,2/10/2019,12:50:00 PM,Ewallet,74.07,4.761904762,3.7035,9.9
984018ad9d53,Giza,Naypyitaw,Normal,Female,Home and lifestyle,69.81,4,13.962,293.202,1/28/2019,8:50:00 PM,Credit card,279.24,4.761904762,13.962,5.9
866fc9e4e26d,Cairo,Mandalay,Normal,Female,Home and lifestyle,77.04,3,11.556,242.676,2/11/2019,10:39:00 AM,Credit card,231.12,4.761904762,11.556,7.2
943053533618,Cairo,Mandalay,Normal,Female,Fashion accessories,73.52,2,7.352,154.392,1/15/2019,1:41:00 PM,Ewallet,147.04,4.761904762,7.352,4.6
4d84e39fb04b,Giza,Naypyitaw,Normal,Female,Food and beverages,87.8,9,39.51,829.71,3/16/2019,7:08:00 PM,Cash,790.2,4.761904762,39.51,9.2
ef51e67b0c85,Cairo,Mandalay,Normal,Male,Home and lifestyle,25.55,4,5.11,107.31,1/26/2019,8:23:00 PM,Ewallet,102.2,4.761904762,5.11,5.7
7bf9cd3f55ab,Alex,Yangon,Normal,Male,Electronic accessories,32.71,5,8.1775,171.7275,3/19/2019,11:30:00 AM,Credit card,163.55,4.761904762,8.1775,9.9
b4320e20bcd3,Giza,Naypyitaw,Member,Female,Fashion accessories,74.29,1,3.7145,78.0045,1/13/2019,7:30:00 PM,Cash,74.29,4.761904762,3.7145,5.0
dc34e5cd3c68,Giza,Naypyitaw,Member,Male,Health and beauty,43.7,2,4.37,91.77,3/26/2019,6:03:00 PM,Cash,87.4,4.761904762,4.37,4.9
7bb1e4ee97e5,Alex,Yangon,Normal,Female,Home and lifestyle,25.29,1,1.2645,26.5545,3/23/2019,10:13:00 AM,Ewallet,25.29,4.761904762,1.2645,6.1
790dd70f4b37,Giza,Naypyitaw,Normal,Male,Health and beauty,41.5,4,8.3,174.3,3/12/2019,7:58:00 PM,Credit card,166.0,4.761904762,8.3,8.2
09df29a95897,Giza,Naypyitaw,Member,Female,Food and beverages,71.39,5,17.8475,374.7975,2/17/2019,7:57:00 PM,Credit card,356.95,4.761904762,17.8475,5.5
54e17576ad29,Giza,Naypyitaw,Member,Female,Sports and travel,19.15,6,5.745,120.645,1/29/2019,10:01:00 AM,Credit card,114.9,4.761904762,5.745,6.8
740591f8bc4f,Cairo,Mandalay,Member,Female,Electronic accessories,57.49,4,11.498,241.458,3/15/2019,11:57:00 AM,Cash,229.96,4.761904762,11.498,6.6
50e0da45f6a4,Giza,Naypyitaw,Normal,Male,Electronic accessories,61.41,7,21.4935,451.3635,1/14/2019,10:02:00 AM,Cash,429.87,4.761904762,21.4935,9.8
eb2c37a4c69f,Cairo,Mandalay,Member,Male,Health and beauty,25.9,10,12.95,271.95,2/6/2019,2:51:00 PM,Ewallet,259.0,4.761904762,12.95,8.7
47c6fe5a63b4,Cairo,Mandalay,Member,Male,Home and lifestyle,17.77,5,4.4425,93.2925,2/15/2019,12:42:00 PM,Credit card,88.85,4.761904762,4.4425,5.4
95c39bcb86fa,Alex,Yangon,Normal,Female,Health and beauty,23.03,9,10.3635,217.6335,1/3/2019,12:02:00 PM,Ewallet,207.27,4.761904762,10.3635,7.9
50423e6a8c82,Giza,Naypyitaw,Member,Female,Electronic accessories,66.65,9,29.9925,629.8425,1/4/2019,6:19:00 PM,Credit card,599.85,4.761904762,29.9925,9.7
3b975f737e97,Giza,Naypyitaw,Member,Female,Home and lifestyle,28.53,10,14.265,299.565,3/18/2019,5:38:00 PM,Ewallet,285.3,4.761904762,14.265,7.8
6378e27b5635,Cairo,Mandalay,Normal,Female,Fashion accessories,30.37,3,4.5555,95.6655,3/28/2019,1:41:00 PM,Ewallet,91.11,4.761904762,4.5555,5.1
8e746e011187,Cairo,Mandalay,Normal,Female,Electronic accessories,99.73,9,44.8785,942.4485,3/2/2019,7:42:00 PM,Credit card,897.57,4.761904762,44.8785,6.5
4b5b52afd2c3,Alex,Yangon,Normal,Male,Electronic accessories,26.23,9,11.8035,247.8735,1/25/2019,8:24:00 PM,Ewallet,236.07,4.761904762,11.8035,5.9
420dd404a142,Giza,Naypyitaw,Normal,Female,Food and beverages,93.26,9,41.967,881.307,1/16/2019,6:08:00 PM,Cash,839.34,4.761904762,41.967,8.8
ce155906a805,Cairo,Mandalay,Normal,Male,Home and lifestyle,92.36,5,23.09,484.89,3/20/2019,7:17:00 PM,Ewallet,461.8,4.761904762,23.09,4.9
c04a4e59071c,Cairo,Mandalay,Normal,Male,Sports and travel,46.42,3,6.963,146.223,1/4/2019,1:24:00 PM,Credit card,139.26,4.761904762,6.963,4.4
4db553db19f7,Cairo,Mandalay,Member,Female,Sports and travel,29.61,7,10.3635,217.6335,3/11/2019,3:53:00 PM,Cash,207.27,4.761904762,10.3635,6.5
09a8426d43e8,Alex,Yangon,Normal,Male,Home and lifestyle,18.28,1,0.914,19.194,3/22/2019,3:05:00 PM,Credit card,18.28,4.761904762,0.914,8.3
3dc41e314eab,Cairo,Mandalay,Normal,Female,Sports and travel,24.77,5,6.1925,130.0425,3/24/2019,6:27:00 PM,Cash,123.85,4.761904762,6.1925,8.5
76f9caf8edc6,Alex,Yangon,Member,Female,Electronic accessories,94.64,3,14.196,298.116,2/21/2019,4:55:00 PM,Cash,283.92,4.761904762,14.196,5.5
2c31d7a166d8,Cairo,Mandalay,Normal,Male,Fashion accessories,94.87,8,37.948,796.908,2/12/2019,12:58:00 PM,Ewallet,758.96,4.761904762,37.948,8.7
01c201e14a0b,Cairo,Mandalay,Normal,Female,Food and beverages,57.34,3,8.601,180.621,3/10/2019,6:59:00 PM,Credit card,172.02,4.761904762,8.601,7.9
031503d409b7,Cairo,Mandalay,Normal,Male,Electronic accessories,45.35,6,13.605,285.705,1/31/2019,1:44:00 PM,Ewallet,272.1,4.761904762,13.605,6.1
6681c254dea6,Cairo,Mandalay,Normal,Male,Food and beverages,62.08,7,21.728,456.288,3/6/2019,1:46:00 PM,Ewallet,434.56,4.761904762,21.728,5.4
00b7c7aa51d4,Giza,Naypyitaw,Normal,Male,Electronic accessories,11.81,5,2.9525,62.0025,2/17/2019,6:06:00 PM,Cash,59.05,4.761904762,2.9525,9.4
9d530524b6f7,Giza,Naypyitaw,Member,Female,Fashion accessories,12.54,1,0.627,13.167,2/21/2019,12:38:00 PM,Cash,12.54,4.761904762,0.627,8.2
2b25ed237b13,Alex,Yangon,Normal,Male,Food and beverages,43.25,2,4.325,90.825,3/20/2019,3:56:00 PM,Cash,86.5,4.761904762,4.325,6.2
32eea0f8faa2,Giza,Naypyitaw,Member,Female,Sports and travel,87.16,2,8.716,183.036,1/11/2019,2:29:00 PM,Credit card,174.32,4.761904762,8.716,9.7
654b864be909,Cairo,Mandalay,Member,Male,Health and beauty,69.37,9,31.2165,655.5465,1/26/2019,7:14:00 PM,Ewallet,624.33,4.761904762,31.2165,4.0
aea596ba1b09,Giza,Naypyitaw,Member,Male,Electronic accessories,37.06,4,7.412,155.652,1/31/2019,4:24:00 PM,Ewallet,148.24,4.761904762,7.412,9.7
818aefcef2ca,Cairo,Mandalay,Member,Female,Electronic accessories,90.7,6,27.21,571.41,2/26/2019,10:52:00 AM,Cash,544.2,4.761904762,27.21,5.3
d544cd30332f,Alex,Yangon,Normal,Female,Home and lifestyle,63.42,8,25.368,532.728,3/11/2019,12:55:00 PM,Ewallet,507.36,4.761904762,25.368,7.4
914e798528ba,Cairo,Mandalay,Normal,Female,Fashion accessories,81.37,2,8.137,170.877,1/26/2019,7:28:00 PM,Cash,162.74,4.761904762,8.137,6.5
13be18170cba,Cairo,Mandalay,Member,Female,Electronic accessories,10.59,3,1.5885,33.3585,3/12/2019,1:52:00 PM,Credit card,31.77,4.761904762,1.5885,8.7
824089ed8369,Cairo,Mandalay,Normal,Female,Health and beauty,84.09,9,37.8405,794.6505,2/11/2019,10:54:00 AM,Cash,756.81,4.761904762,37.8405,8.0
0338c6a8c7d6,Cairo,Mandalay,Member,Male,Fashion accessories,73.82,4,14.764,310.044,2/21/2019,6:31:00 PM,Cash,295.28,4.761904762,14.764,6.7
5e9b23cf46fc,Alex,Yangon,Member,Male,Health and beauty,51.94,10,25.97,545.37,3/9/2019,6:24:00 PM,Ewallet,519.4,4.761904762,25.97,6.5
6907a10ca240,Alex,Yangon,Normal,Female,Sports and travel,93.14,2,9.314,195.594,1/20/2019,6:09:00 PM,Ewallet,186.28,4.761904762,9.314,4.1
fd194ad33b42,Giza,Naypyitaw,Normal,Male,Health and beauty,17.41,5,4.3525,91.4025,1/28/2019,3:16:00 PM,Credit card,87.05,4.761904762,4.3525,4.9
32de9e1fce51,Giza,Naypyitaw,Member,Female,Fashion accessories,44.22,5,11.055,232.155,3/5/2019,5:07:00 PM,Credit card,221.1,4.761904762,11.055,8.6
fd70f1434730,Cairo,Mandalay,Member,Female,Electronic accessories,13.22,5,3.305,69.405,3/2/2019,7:26:00 PM,Cash,66.1,4.761904762,3.305,4.3
cc50a67d3930,Alex,Yangon,Normal,Male,Fashion accessories,89.69,1,4.4845,94.1745,1/11/2019,11:20:00 AM,Ewallet,89.69,4.761904762,4.4845,4.9
fda49dc7b274,Alex,Yangon,Normal,Male,Food and beverages,24.94,9,11.223,235.683,1/11/2019,4:49:00 PM,Credit card,224.46,4.761904762,11.223,5.6
ab2fea13a031,Alex,Yangon,Normal,Male,Health and beauty,59.77,2,5.977,125.517,3/11/2019,12:01:00 PM,Credit card,119.54,4.761904762,5.977,5.8
255b75240e1b,Giza,Naypyitaw,Member,Male,Fashion accessories,93.2,2,9.32,195.72,2/28/2019,6:37:00 PM,Credit card,186.4,4.761904762,9.32,6.0
0568eddc4692,Alex,Yangon,Member,Male,Home and lifestyle,62.65,4,12.53,263.13,1/5/2019,11:25:00 AM,Cash,250.6,4.761904762,12.53,4.2
28ec0390cc1e,Cairo,Mandalay,Normal,Male,Home and lifestyle,93.87,8,37.548,788.508,2/2/2019,6:42:00 PM,Credit card,750.96,4.761904762,37.548,8.3
421cbe36f70e,Alex,Yangon,Member,Male,Home and lifestyle,47.59,8,19.036,399.756,1/1/2019,2:47:00 PM,Cash,380.72,4.761904762,19.036,5.7
3667c162a885,Cairo,Mandalay,Member,Female,Electronic accessories,81.4,3,12.21,256.41,2/9/2019,7:43:00 PM,Cash,244.2,4.761904762,12.21,4.8
ab1b2bf14898,Alex,Yangon,Member,Male,Fashion accessories,17.94,5,4.485,94.185,1/23/2019,2:04:00 PM,Ewallet,89.7,4.761904762,4.485,6.8
6310a33fc215,Alex,Yangon,Member,Male,Electronic accessories,77.72,4,15.544,326.424,1/7/2019,4:11:00 PM,Credit card,310.88,4.761904762,15.544,8.8
3aba92f27ca9,Cairo,Mandalay,Normal,Male,Food and beverages,73.06,7,25.571,536.991,1/14/2019,7:06:00 PM,Credit card,511.42,4.761904762,25.571,4.2
dbad3c99af79,Cairo,Mandalay,Member,Male,Food and beverages,46.55,9,20.9475,439.8975,2/2/2019,3:34:00 PM,Ewallet,418.95,4.761904762,20.9475,6.4
6e68c4c51287,Giza,Naypyitaw,Member,Male,Fashion accessories,35.19,10,17.595,369.495,3/17/2019,7:06:00 PM,Credit card,351.9,4.761904762,17.595,8.4
c631e4f34f26,Giza,Naypyitaw,Normal,Female,Sports and travel,14.39,2,1.439,30.219,3/2/2019,7:44:00 PM,Credit card,28.78,4.761904762,1.439,7.2
26475f0f71b2,Alex,Yangon,Normal,Male,Home and lifestyle,23.75,4,4.75,99.75,3/16/2019,11:22:00 AM,Cash,95.0,4.761904762,4.75,5.2
20175453cfec,Alex,Yangon,Member,Male,Home and lifestyle,58.9,8,23.56,494.76,1/6/2019,11:23:00 AM,Cash,471.2,4.761904762,23.56,8.9
efb799361774,Cairo,Mandalay,Member,Male,Fashion accessories,32.62,4,6.524,137.004,1/29/2019,2:12:00 PM,Cash,130.48,4.761904762,6.524,9.0
3774930de678,Alex,Yangon,Member,Male,Electronic accessories,66.35,1,3.3175,69.6675,1/31/2019,10:46:00 AM,Credit card,66.35,4.761904762,3.3175,9.7
d5cc52c82b69,Alex,Yangon,Member,Male,Home and lifestyle,25.91,6,7.773,163.233,2/5/2019,10:16:00 AM,Ewallet,155.46,4.761904762,7.773,8.7
acc17d282c27,Alex,Yangon,Member,Male,Electronic accessories,32.25,4,6.45,135.45,2/13/2019,12:38:00 PM,Ewallet,129.0,4.761904762,6.45,6.5
98cb54c89bff,Giza,Naypyitaw,Member,Male,Electronic accessories,65.94,4,13.188,276.948,2/7/2019,1:05:00 PM,Credit card,263.76,4.761904762,13.188,6.9
7866fee324a3,Alex,Yangon,Normal,Female,Electronic accessories,75.06,9,33.777,709.317,3/19/2019,1:25:00 PM,Ewallet,675.54,4.761904762,33.777,6.2
dc01c3605359,Giza,Naypyitaw,Normal,Female,Fashion accessories,16.45,4,3.29,69.09,3/7/2019,2:53:00 PM,Ewallet,65.8,4.761904762,3.29,5.6
b00362af72b6,Cairo,Mandalay,Member,Female,Fashion accessories,38.3,4,7.66,160.86,3/13/2019,7:22:00 PM,Cash,153.2,4.761904762,7.66,5.7
2bb483899146,Alex,Yangon,Member,Female,Sports and travel,22.24,10,11.12,233.52,2/9/2019,11:00:00 AM,Cash,222.4,4.761904762,11.12,4.2
d59089a13cda,Cairo,Mandalay,Normal,Male,Sports and travel,54.45,1,2.7225,57.1725,2/26/2019,7:24:00 PM,Ewallet,54.45,4.761904762,2.7225,7.9
071dbcd49d01,Alex,Yangon,Member,Female,Sports and travel,98.4,7,34.44,723.24,3/12/2019,12:43:00 PM,Credit card,688.8,4.761904762,34.44,8.7
0a3fd14c57ce,Giza,Naypyitaw,Normal,Male,Home and lifestyle,35.47,4,7.094,148.974,3/14/2019,5:22:00 PM,Credit card,141.88,4.761904762,7.094,6.9
39ce36e6c5f3,Cairo,Mandalay,Member,Female,Food and beverages,74.6,10,37.3,783.3,1/8/2019,8:55:00 PM,Cash,746.0,4.761904762,37.3,9.5
ce2c2cb48bd5,Alex,Yangon,Member,Male,Home and lifestyle,70.74,4,14.148,297.108,1/5/2019,4:05:00 PM,Credit card,282.96,4.761904762,14.148,4.4
5f12d47c478e,Alex,Yangon,Member,Female,Home and lifestyle,35.54,10,17.77,373.17,1/4/2019,1:34:00 PM,Ewallet,355.4,4.761904762,17.77,7.0
6e5b1e8d0b33,Cairo,Mandalay,Normal,Female,Sports and travel,67.43,5,16.8575,354.0075,3/6/2019,6:13:00 PM,Ewallet,337.15,4.761904762,16.8575,6.3
3714311fa457,Giza,Naypyitaw,Member,Female,Health and beauty,21.12,2,2.112,44.352,1/3/2019,7:17:00 PM,Cash,42.24,4.761904762,2.112,9.7
0eee6ecb2e58,Alex,Yangon,Member,Female,Home and lifestyle,21.54,9,9.693,203.553,1/7/2019,11:44:00 AM,Credit card,193.86,4.761904762,9.693,8.8
26cebee08c9e,Alex,Yangon,Normal,Female,Home and lifestyle,12.03,2,1.203,25.263,1/27/2019,3:51:00 PM,Cash,24.06,4.761904762,1.203,5.1
4ab8a7cb2657,Cairo,Mandalay,Normal,Female,Health and beauty,99.71,6,29.913,628.173,2/26/2019,4:52:00 PM,Ewallet,598.26,4.761904762,29.913,7.9
a4d08b19cae2,Cairo,Mandalay,Normal,Male,Fashion accessories,47.97,7,16.7895,352.5795,1/7/2019,8:52:00 PM,Cash,335.79,4.761904762,16.7895,6.2
d05e7363ecc4,Giza,Naypyitaw,Member,Female,Home and lifestyle,21.82,10,10.91,229.11,1/7/2019,5:36:00 PM,Cash,218.2,4.761904762,10.91,7.1
50422b69b574,Giza,Naypyitaw,Normal,Female,Fashion accessories,95.42,4,19.084,400.764,2/2/2019,1:23:00 PM,Ewallet,381.68,4.761904762,19.084,6.4
b8686b98d7e2,Giza,Naypyitaw,Member,Male,Fashion accessories,70.99,10,35.495,745.395,3/20/2019,4:28:00 PM,Cash,709.9,4.761904762,35.495,5.7
22c366490b89,Alex,Yangon,Member,Male,Sports and travel,44.02,10,22.01,462.21,3/20/2019,7:57:00 PM,Credit card,440.2,4.761904762,22.01,9.6
9b2e2b1bcfb0,Alex,Yangon,Normal,Female,Home and lifestyle,69.96,8,27.984,587.664,2/15/2019,5:01:00 PM,Credit card,559.68,4.761904762,27.984,6.4
ad10c9ba2c72,Giza,Naypyitaw,Normal,Male,Home and lifestyle,37.0,1,1.85,38.85,3/6/2019,1:29:00 PM,Credit card,37.0,4.761904762,1.85,7.9
c065c89f5bf4,Alex,Yangon,Normal,Female,Sports and travel,15.34,1,0.767,16.107,1/6/2019,11:09:00 AM,Cash,15.34,4.761904762,0.767,6.5
125f7167fdd3,Alex,Yangon,Member,Male,Health and beauty,99.83,6,29.949,628.929,3/4/2019,3:02:00 PM,Ewallet,598.98,4.761904762,29.949,8.5
1789c3afe585,Alex,Yangon,Member,Female,Health and beauty,47.67,4,9.534,200.214,3/12/2019,2:21:00 PM,Cash,190.68,4.761904762,9.534,9.1
18b802f26534,Cairo,Mandalay,Normal,Male,Health and beauty,66.68,5,16.67,350.07,2/20/2019,6:01:00 PM,Cash,333.4,4.761904762,16.67,7.6
1c087441e609,Giza,Naypyitaw,Member,Male,Home and lifestyle,74.86,1,3.743,78.603,3/24/2019,2:49:00 PM,Cash,74.86,4.761904762,3.743,6.9
91975a925e35,Giza,Naypyitaw,Normal,Female,Sports and travel,23.75,9,10.6875,224.4375,1/31/2019,12:02:00 PM,Cash,213.75,4.761904762,10.6875,9.5
79067f6d6c18,Cairo,Mandalay,Normal,Female,Food and beverages,48.51,7,16.9785,356.5485,1/25/2019,1:30:00 PM,Credit card,339.57,4.761904762,16.9785,5.2
19aef85b798d,Alex,Yangon,Member,Female,Home and lifestyle,94.88,7,33.208,697.368,2/3/2019,2:38:00 PM,Cash,664.16,4.761904762,33.208,4.2
560122ead5d5,Cairo,Mandalay,Member,Male,Electronic accessories,40.3,10,20.15,423.15,1/24/2019,5:37:00 PM,Credit card,403.0,4.761904762,20.15,7.0
4cfb45a1bc50,Giza,Naypyitaw,Normal,Male,Electronic accessories,27.85,7,9.7475,204.6975,3/14/2019,5:20:00 PM,Ewallet,194.95,4.761904762,9.7475,6.0
2b94a403e272,Alex,Yangon,Member,Female,Electronic accessories,62.48,1,3.124,65.604,2/18/2019,8:29:00 PM,Cash,62.48,4.761904762,3.124,4.7
36d97b8b83bb,Alex,Yangon,Member,Female,Food and beverages,36.36,2,3.636,76.356,1/21/2019,10:00:00 AM,Cash,72.72,4.761904762,3.636,7.1
7bac4925b143,Cairo,Mandalay,Normal,Male,Health and beauty,18.11,10,9.055,190.155,3/13/2019,11:46:00 AM,Ewallet,181.1,4.761904762,9.055,5.9
192035ef960e,Giza,Naypyitaw,Member,Female,Electronic accessories,51.92,5,12.98,272.58,3/3/2019,1:42:00 PM,Cash,259.6,4.761904762,12.98,7.5
aac511db4707,Giza,Naypyitaw,Normal,Male,Electronic accessories,28.84,4,5.768,121.128,3/29/2019,2:44:00 PM,Cash,115.36,4.761904762,5.768,6.4
9308ec3443e5,Alex,Yangon,Member,Male,Home and lifestyle,78.38,6,23.514,493.794,1/10/2019,2:16:00 PM,Ewallet,470.28,4.761904762,23.514,5.8
b562c0aac432,Alex,Yangon,Member,Male,Home and lifestyle,60.01,4,12.002,252.042,1/25/2019,3:54:00 PM,Cash,240.04,4.761904762,12.002,4.5
c631a5cf8a58,Giza,Naypyitaw,Member,Female,Home and lifestyle,88.61,1,4.4305,93.0405,1/19/2019,10:21:00 AM,Cash,88.61,4.761904762,4.4305,7.7
abcaf15c0472,Giza,Naypyitaw,Normal,Male,Fashion accessories,99.82,2,9.982,209.622,1/2/2019,6:09:00 PM,Credit card,199.64,4.761904762,9.982,6.7
a37d32d8fd99,Cairo,Mandalay,Member,Male,Health and beauty,39.01,1,1.9505,40.9605,3/12/2019,4:46:00 PM,Credit card,39.01,4.761904762,1.9505,4.7
b124226cca52,Giza,Naypyitaw,Normal,Male,Food and beverages,48.61,1,2.4305,51.0405,2/25/2019,3:31:00 PM,Cash,48.61,4.761904762,2.4305,4.4
f1a857c3f737,Alex,Yangon,Normal,Female,Electronic accessories,51.19,4,10.238,214.998,3/18/2019,5:15:00 PM,Credit card,204.76,4.761904762,10.238,4.7
766d5bb6f3dc,Cairo,Mandalay,Normal,Female,Electronic accessories,14.96,8,5.984,125.664,2/23/2019,12:29:00 PM,Cash,119.68,4.761904762,5.984,8.6
ae8f65ecded6,Alex,Yangon,Member,Male,Electronic accessories,72.2,7,25.27,530.67,3/26/2019,8:14:00 PM,Ewallet,505.4,4.761904762,25.27,4.3
9d5bae4e9c72,Alex,Yangon,Normal,Female,Sports and travel,40.23,7,14.0805,295.6905,3/30/2019,1:22:00 PM,Cash,281.61,4.761904762,14.0805,9.6
abdfea6ccbdf,Alex,Yangon,Member,Female,Home and lifestyle,88.79,8,35.516,745.836,2/17/2019,5:09:00 PM,Cash,710.32,4.761904762,35.516,4.1
9c00091e48b2,Alex,Yangon,Member,Female,Electronic accessories,26.48,3,3.972,83.412,3/21/2019,10:40:00 AM,Ewallet,79.44,4.761904762,3.972,4.7
6cd167d60c81,Alex,Yangon,Normal,Female,Fashion accessories,81.91,2,8.191,172.011,3/5/2019,5:43:00 PM,Cash,163.82,4.761904762,8.191,7.8
6fdde168fac2,Cairo,Mandalay,Member,Male,Sports and travel,79.93,6,23.979,503.559,1/31/2019,2:04:00 PM,Cash,479.58,4.761904762,23.979,5.5
617371d5774b,Giza,Naypyitaw,Member,Male,Fashion accessories,69.33,2,6.933,145.593,2/5/2019,7:05:00 PM,Ewallet,138.66,4.761904762,6.933,9.7
344a73eda999,Alex,Yangon,Member,Female,Food and beverages,14.23,5,3.5575,74.7075,2/1/2019,10:08:00 AM,Credit card,71.15,4.761904762,3.5575,4.4
452496ed3a7a,Alex,Yangon,Member,Female,Health and beauty,15.55,9,6.9975,146.9475,3/7/2019,1:12:00 PM,Cash,139.95,4.761904762,6.9975,5.0
558e3b730ecb,Giza,Naypyitaw,Member,Female,Electronic accessories,78.13,10,39.065,820.365,2/10/2019,8:51:00 PM,Cash,781.3,4.761904762,39.065,4.4
b97f3a195de4,Giza,Naypyitaw,Member,Male,Food and beverages,99.37,2,9.937,208.677,2/14/2019,5:29:00 PM,Cash,198.74,4.761904762,9.937,5.2
5bfd0acfe97b,Giza,Naypyitaw,Member,Female,Food and beverages,21.08,3,3.162,66.402,2/9/2019,10:25:00 AM,Cash,63.24,4.761904762,3.162,7.3
cc3f56c73745,Giza,Naypyitaw,Member,Male,Electronic accessories,74.79,5,18.6975,392.6475,1/10/2019,11:34:00 AM,Cash,373.95,4.761904762,18.6975,4.9
24e56d4b4ef2,Giza,Naypyitaw,Member,Female,Health and beauty,29.67,7,10.3845,218.0745,3/11/2019,6:58:00 PM,Credit card,207.69,4.761904762,10.3845,8.1
66aa83932afa,Giza,Naypyitaw,Member,Male,Health and beauty,44.07,4,8.814,185.094,2/18/2019,4:28:00 PM,Ewallet,176.28,4.761904762,8.814,8.4
581119de3f33,Giza,Naypyitaw,Normal,Female,Food and beverages,22.93,9,10.3185,216.6885,2/26/2019,8:26:00 PM,Cash,206.37,4.761904762,10.3185,5.5
5aa120ae59cc,Giza,Naypyitaw,Normal,Female,Health and beauty,39.42,1,1.971,41.391,1/18/2019,3:08:00 PM,Cash,39.42,4.761904762,1.971,8.4
f52bffd9cc2c,Alex,Yangon,Normal,Male,Health and beauty,15.26,6,4.578,96.138,2/15/2019,6:03:00 PM,Ewallet,91.56,4.761904762,4.578,9.8
e5a9e344377d,Alex,Yangon,Normal,Female,Fashion accessories,61.77,5,15.4425,324.2925,3/8/2019,1:21:00 PM,Cash,308.85,4.761904762,15.4425,6.7
96c2fb9f49aa,Alex,Yangon,Normal,Male,Home and lifestyle,21.52,6,6.456,135.576,1/17/2019,12:48:00 PM,Credit card,129.12,4.761904762,6.456,9.4
ce79df78a261,Cairo,Mandalay,Normal,Male,Sports and travel,97.74,4,19.548,410.508,3/12/2019,7:53:00 PM,Ewallet,390.96,4.761904762,19.548,6.4
f94555c5598e,Alex,Yangon,Member,Male,Food and beverages,99.78,5,24.945,523.845,3/9/2019,7:09:00 PM,Cash,498.9,4.761904762,24.945,5.4
b8ddbb865652,Giza,Naypyitaw,Member,Male,Food and beverages,94.26,4,18.852,395.892,3/12/2019,4:30:00 PM,Cash,377.04,4.761904762,18.852,8.6
140447bc4f6a,Cairo,Mandalay,Member,Male,Health and beauty,51.13,4,10.226,214.746,1/25/2019,10:11:00 AM,Credit card,204.52,4.761904762,10.226,4.0
239ed2190509,Alex,Yangon,Member,Male,Electronic accessories,36.36,4,7.272,152.712,3/25/2019,1:07:00 PM,Cash,145.44,4.761904762,7.272,7.6
1b442038bb03,Cairo,Mandalay,Normal,Male,Home and lifestyle,22.02,9,9.909,208.089,2/7/2019,6:48:00 PM,Cash,198.18,4.761904762,9.909,6.8
3d7e9fef96ab,Alex,Yangon,Normal,Male,Food and beverages,32.9,3,4.935,103.635,2/17/2019,5:27:00 PM,Credit card,98.7,4.761904762,4.935,9.1
cd72b7f0d79a,Alex,Yangon,Normal,Male,Fashion accessories,77.02,5,19.255,404.355,2/3/2019,3:59:00 PM,Cash,385.1,4.761904762,19.255,5.5
ac9f0c511fba,Alex,Yangon,Member,Male,Food and beverages,23.48,2,2.348,49.308,3/14/2019,11:21:00 AM,Credit card,46.96,4.761904762,2.348,7.9
40f981625e2f,Giza,Naypyitaw,Member,Male,Sports and travel,14.7,5,3.675,77.175,3/24/2019,1:48:00 PM,Ewallet,73.5,4.761904762,3.675,8.5
f9ac42660cdd,Alex,Yangon,Member,Female,Electronic accessories,28.45,5,7.1125,149.3625,3/21/2019,10:17:00 AM,Credit card,142.25,4.761904762,7.1125,9.1
2c36b26a59d2,Alex,Yangon,Normal,Male,Fashion accessories,76.4,9,34.38,721.98,3/19/2019,3:49:00 PM,Ewallet,687.6,4.761904762,34.38,7.5
7cea703f7307,Cairo,Mandalay,Normal,Female,Sports and travel,57.95,6,17.385,365.085,2/24/2019,1:02:00 PM,Cash,347.7,4.761904762,17.385,5.2
3ee355f9e249,Giza,Naypyitaw,Normal,Female,Electronic accessories,47.65,3,7.1475,150.0975,3/28/2019,12:58:00 PM,Credit card,142.95,4.761904762,7.1475,9.5
2c283c2e5dbe,Cairo,Mandalay,Member,Female,Food and beverages,42.82,9,19.269,404.649,2/5/2019,3:26:00 PM,Credit card,385.38,4.761904762,19.269,8.9
68cc4f6f4bb3,Cairo,Mandalay,Member,Male,Electronic accessories,48.09,3,7.2135,151.4835,2/10/2019,6:23:00 PM,Credit card,144.27,4.761904762,7.2135,7.8
3bf3c4e8e233,Cairo,Mandalay,Member,Female,Health and beauty,55.97,7,19.5895,411.3795,3/5/2019,7:06:00 PM,Ewallet,391.79,4.761904762,19.5895,8.9
038e916d8734,Cairo,Mandalay,Member,Female,Health and beauty,76.9,7,26.915,565.215,2/15/2019,8:21:00 PM,Cash,538.3,4.761904762,26.915,7.7
f97353d862a0,Giza,Naypyitaw,Normal,Female,Food and beverages,97.03,5,24.2575,509.4075,1/30/2019,4:24:00 PM,Ewallet,485.15,4.761904762,24.2575,9.3
d5b76509037e,Alex,Yangon,Normal,Male,Sports and travel,44.65,3,6.6975,140.6475,2/14/2019,3:04:00 PM,Cash,133.95,4.761904762,6.6975,6.2
7df50406c6cc,Alex,Yangon,Normal,Female,Fashion accessories,77.93,9,35.0685,736.4385,2/27/2019,4:10:00 PM,Ewallet,701.37,4.761904762,35.0685,7.6
cb2c41420c27,Alex,Yangon,Member,Male,Electronic accessories,71.95,1,3.5975,75.5475,2/4/2019,12:14:00 PM,Cash,71.95,4.761904762,3.5975,7.3
3865683dafba,Giza,Naypyitaw,Member,Female,Home and lifestyle,89.25,8,35.7,749.7,1/20/2019,10:13:00 AM,Cash,714.0,4.761904762,35.7,4.7
dd410fb8cb36,Alex,Yangon,Normal,Male,Electronic accessories,26.02,7,9.107,191.247,3/28/2019,5:38:00 PM,Cash,182.14,4.761904762,9.107,5.1
7bb29f3289ca,Cairo,Mandalay,Normal,Female,Health and beauty,13.5,10,6.75,141.75,2/27/2019,11:06:00 AM,Credit card,135.0,4.761904762,6.75,4.8
20d9dda1da40,Giza,Naypyitaw,Member,Female,Fashion accessories,99.3,10,49.65,1042.65,2/15/2019,2:53:00 PM,Credit card,993.0,4.761904762,49.65,6.6
22fe5fd36bf2,Alex,Yangon,Normal,Male,Electronic accessories,51.69,7,18.0915,379.9215,1/26/2019,6:22:00 PM,Cash,361.83,4.761904762,18.0915,5.5
f3debe750048,Cairo,Mandalay,Member,Female,Fashion accessories,54.73,7,19.1555,402.2655,3/14/2019,7:02:00 PM,Credit card,383.11,4.761904762,19.1555,8.5
f8c476614c9e,Cairo,Mandalay,Member,Male,Home and lifestyle,27.0,9,12.15,255.15,3/2/2019,2:16:00 PM,Cash,243.0,4.761904762,12.15,4.8
bc70f3a991a3,Giza,Naypyitaw,Normal,Female,Electronic accessories,30.24,1,1.512,31.752,3/4/2019,3:44:00 PM,Cash,30.24,4.761904762,1.512,8.4
40f0393423dc,Cairo,Mandalay,Member,Female,Food and beverages,89.14,4,17.828,374.388,1/7/2019,12:20:00 PM,Credit card,356.56,4.761904762,17.828,7.8
6f8f1478fecc,Giza,Naypyitaw,Normal,Female,Fashion accessories,37.55,10,18.775,394.275,3/8/2019,8:01:00 PM,Credit card,375.5,4.761904762,18.775,9.3
26aa524e2dbc,Giza,Naypyitaw,Normal,Female,Sports and travel,95.44,10,47.72,1002.12,1/9/2019,1:45:00 PM,Cash,954.4,4.761904762,47.72,5.2
c00c3abd6bbd,Cairo,Mandalay,Normal,Male,Electronic accessories,27.5,3,4.125,86.625,3/1/2019,3:40:00 PM,Ewallet,82.5,4.761904762,4.125,6.5
edd15d3eeaaa,Cairo,Mandalay,Normal,Male,Sports and travel,74.97,1,3.7485,78.7185,3/16/2019,4:58:00 PM,Cash,74.97,4.761904762,3.7485,5.6
61c09ff73563,Alex,Yangon,Member,Male,Food and beverages,80.96,8,32.384,680.064,2/17/2019,11:12:00 AM,Credit card,647.68,4.761904762,32.384,7.4
6d1889ef3f12,Giza,Naypyitaw,Normal,Female,Food and beverages,94.47,8,37.788,793.548,2/27/2019,3:12:00 PM,Cash,755.76,4.761904762,37.788,9.1
66e0e7f6a59e,Giza,Naypyitaw,Normal,Male,Food and beverages,99.79,2,9.979,209.559,3/7/2019,8:37:00 PM,Ewallet,199.58,4.761904762,9.979,8.0
1f2068925819,Alex,Yangon,Normal,Male,Home and lifestyle,73.22,6,21.966,461.286,1/21/2019,5:44:00 PM,Cash,439.32,4.761904762,21.966,7.2
e3245d26fc80,Giza,Naypyitaw,Normal,Female,Food and beverages,41.24,4,8.248,173.208,2/19/2019,4:23:00 PM,Cash,164.96,4.761904762,8.248,7.1
1a6f574f88c0,Giza,Naypyitaw,Normal,Female,Fashion accessories,81.68,4,16.336,343.056,1/6/2019,12:12:00 PM,Cash,326.72,4.761904762,16.336,9.1
7ede64049016,Giza,Naypyitaw,Normal,Female,Electronic accessories,51.32,9,23.094,484.974,3/14/2019,7:33:00 PM,Cash,461.88,4.761904762,23.094,5.6
2c264b6873a2,Alex,Yangon,Member,Male,Home and lifestyle,65.94,4,13.188,276.948,3/24/2019,10:29:00 AM,Cash,263.76,4.761904762,13.188,6.0
238a4b991e0f,Giza,Naypyitaw,Normal,Female,Sports and travel,14.36,10,7.18,150.78,1/27/2019,2:28:00 PM,Cash,143.6,4.761904762,7.18,5.4
5a8e07feae1f,Alex,Yangon,Member,Male,Electronic accessories,21.5,9,9.675,203.175,3/6/2019,12:46:00 PM,Credit card,193.5,4.761904762,9.675,7.8
15eaa23d562f,Cairo,Mandalay,Member,Female,Electronic accessories,26.26,7,9.191,193.011,2/2/2019,7:40:00 PM,Cash,183.82,4.761904762,9.191,9.9
b9ecb2c02a7d,Cairo,Mandalay,Normal,Female,Fashion accessories,60.96,2,6.096,128.016,1/25/2019,7:39:00 PM,Credit card,121.92,4.761904762,6.096,4.9
dc499c5f8e9b,Giza,Naypyitaw,Normal,Female,Home and lifestyle,70.11,6,21.033,441.693,3/14/2019,5:54:00 PM,Ewallet,420.66,4.761904762,21.033,5.2
f063450560f4,Giza,Naypyitaw,Normal,Male,Fashion accessories,42.08,6,12.624,265.104,1/29/2019,12:25:00 PM,Cash,252.48,4.761904762,12.624,8.9
4896c9dfc426,Alex,Yangon,Normal,Female,Home and lifestyle,67.09,5,16.7725,352.2225,1/3/2019,4:47:00 PM,Credit card,335.45,4.761904762,16.7725,9.1
dda5b3a5883f,Alex,Yangon,Member,Female,Fashion accessories,96.7,5,24.175,507.675,1/14/2019,12:52:00 PM,Ewallet,483.5,4.761904762,24.175,7.0
03203b7e99e1,Cairo,Mandalay,Member,Female,Home and lifestyle,35.38,9,15.921,334.341,1/5/2019,7:50:00 PM,Credit card,318.42,4.761904762,15.921,9.6
ca273c5b5599,Giza,Naypyitaw,Normal,Male,Sports and travel,95.49,7,33.4215,701.8515,2/22/2019,6:17:00 PM,Ewallet,668.43,4.761904762,33.4215,8.7
9a9b84ad7922,Giza,Naypyitaw,Member,Male,Fashion accessories,96.98,4,19.396,407.316,2/6/2019,5:20:00 PM,Ewallet,387.92,4.761904762,19.396,9.4
0e9def219bc5,Cairo,Mandalay,Normal,Female,Electronic accessories,23.65,4,4.73,99.33,1/30/2019,1:32:00 PM,Credit card,94.6,4.761904762,4.73,4.0
0f9b04b76c90,Alex,Yangon,Member,Male,Sports and travel,82.33,4,16.466,345.786,1/11/2019,10:37:00 AM,Credit card,329.32,4.761904762,16.466,7.5
2cdc101da724,Giza,Naypyitaw,Normal,Female,Electronic accessories,26.61,2,2.661,55.881,3/19/2019,2:35:00 PM,Cash,53.22,4.761904762,2.661,4.2
9cc6b63f0992,Cairo,Mandalay,Normal,Female,Food and beverages,99.69,5,24.9225,523.3725,1/14/2019,12:09:00 PM,Cash,498.45,4.761904762,24.9225,9.9
1fde04c5693c,Giza,Naypyitaw,Member,Female,Food and beverages,74.89,4,14.978,314.538,3/1/2019,3:32:00 PM,Ewallet,299.56,4.761904762,14.978,4.2
cc7b8b63de71,Alex,Yangon,Normal,Female,Food and beverages,40.94,5,10.235,214.935,1/6/2019,1:58:00 PM,Ewallet,204.7,4.761904762,10.235,9.9
b324db012edf,Cairo,Mandalay,Member,Male,Sports and travel,75.82,1,3.791,79.611,1/31/2019,1:19:00 PM,Cash,75.82,4.761904762,3.791,5.8
cd973bd68b04,Giza,Naypyitaw,Normal,Male,Food and beverages,46.77,6,14.031,294.651,3/11/2019,1:37:00 PM,Cash,280.62,4.761904762,14.031,6.0
03c05e988b3b,Alex,Yangon,Normal,Female,Health and beauty,32.32,10,16.16,339.36,2/20/2019,4:49:00 PM,Credit card,323.2,4.761904762,16.16,10.0
3ff2bc27f263,Giza,Naypyitaw,Member,Female,Fashion accessories,54.07,9,24.3315,510.9615,1/27/2019,2:55:00 PM,Ewallet,486.63,4.761904762,24.3315,9.5
db94b1cdeec0,Cairo,Mandalay,Normal,Male,Food and beverages,18.22,7,6.377,133.917,3/10/2019,2:04:00 PM,Credit card,127.54,4.761904762,6.377,6.6
b7490a81a12f,Giza,Naypyitaw,Member,Female,Fashion accessories,80.48,3,12.072,253.512,2/15/2019,12:31:00 PM,Cash,241.44,4.761904762,12.072,8.1
31564ec3f60a,Cairo,Mandalay,Normal,Female,Fashion accessories,37.95,10,18.975,398.475,1/26/2019,2:51:00 PM,Cash,379.5,4.761904762,18.975,9.7
29683120dc3b,Alex,Yangon,Member,Male,Electronic accessories,76.82,1,3.841,80.661,2/13/2019,6:27:00 PM,Ewallet,76.82,4.761904762,3.841,7.2
c6bb9e74b102,Alex,Yangon,Member,Female,Sports and travel,52.26,10,26.13,548.73,3/9/2019,12:45:00 PM,Credit card,522.6,4.761904762,26.13,6.2
b3be09cd68a8,Alex,Yangon,Normal,Female,Health and beauty,79.74,1,3.987,83.727,3/6/2019,10:36:00 AM,Ewallet,79.74,4.761904762,3.987,7.3
66ffa2723045,Alex,Yangon,Normal,Female,Health and beauty,77.5,5,19.375,406.875,1/24/2019,8:36:00 PM,Ewallet,387.5,4.761904762,19.375,4.3
1371f0735f17,Alex,Yangon,Normal,Female,Food and beverages,54.27,5,13.5675,284.9175,3/13/2019,2:16:00 PM,Ewallet,271.35,4.761904762,13.5675,4.6
80551c40b99a,Cairo,Mandalay,Normal,Male,Home and lifestyle,13.59,9,6.1155,128.4255,3/15/2019,10:26:00 AM,Cash,122.31,4.761904762,6.1155,5.8
cbbe7e995ecd,Cairo,Mandalay,Member,Female,Health and beauty,41.06,6,12.318,258.678,3/5/2019,1:30:00 PM,Credit card,246.36,4.761904762,12.318,8.3
609ac2f6d9c4,Cairo,Mandalay,Member,Male,Electronic accessories,19.24,9,8.658,181.818,3/4/2019,4:28:00 PM,Cash,173.16,4.761904762,8.658,8.0
995db0baebdb,Giza,Naypyitaw,Normal,Female,Food and beverages,39.43,6,11.829,248.409,3/25/2019,8:18:00 PM,Credit card,236.58,4.761904762,11.829,9.4
5edfc8e61c0a,Giza,Naypyitaw,Normal,Male,Home and lifestyle,46.22,4,9.244,194.124,3/12/2019,8:04:00 PM,Credit card,184.88,4.761904762,9.244,6.2
9ee250de4c8e,Giza,Naypyitaw,Member,Male,Home and lifestyle,13.98,1,0.699,14.679,2/4/2019,1:38:00 PM,Ewallet,13.98,4.761904762,0.699,9.8
7b1bf9a5a060,Cairo,Mandalay,Normal,Female,Fashion accessories,39.75,5,9.9375,208.6875,2/22/2019,10:43:00 AM,Ewallet,198.75,4.761904762,9.9375,9.6
996727aabfc8,Giza,Naypyitaw,Member,Female,Fashion accessories,97.79,7,34.2265,718.7565,2/16/2019,5:30:00 PM,Ewallet,684.53,4.761904762,34.2265,4.9
9ed0fd7a1692,Alex,Yangon,Member,Male,Sports and travel,67.26,4,13.452,282.492,1/19/2019,3:28:00 PM,Credit card,269.04,4.761904762,13.452,8.0
a41e87836ce0,Alex,Yangon,Normal,Male,Food and beverages,13.79,5,3.4475,72.3975,1/11/2019,7:07:00 PM,Credit card,68.95,4.761904762,3.4475,7.8
3daf0befb6a6,Cairo,Mandalay,Member,Female,Fashion accessories,68.71,4,13.742,288.582,1/4/2019,7:01:00 PM,Cash,274.84,4.761904762,13.742,4.1
081cd57b803b,Alex,Yangon,Normal,Female,Home and lifestyle,56.53,4,11.306,237.426,3/4/2019,7:48:00 PM,Ewallet,226.12,4.761904762,11.306,5.5
98120d149921,Giza,Naypyitaw,Normal,Female,Fashion accessories,23.82,5,5.955,125.055,1/28/2019,7:24:00 PM,Ewallet,119.1,4.761904762,5.955,5.4
b64cc2c383ca,Cairo,Mandalay,Normal,Female,Health and beauty,34.21,10,17.105,359.205,1/2/2019,1:00:00 PM,Cash,342.1,4.761904762,17.105,5.1
cdc11af6bc27,Cairo,Mandalay,Normal,Male,Sports and travel,21.87,2,2.187,45.927,1/25/2019,2:29:00 PM,Ewallet,43.74,4.761904762,2.187,6.9
051fdb7932ad,Alex,Yangon,Member,Male,Health and beauty,20.97,5,5.2425,110.0925,1/4/2019,1:21:00 PM,Cash,104.85,4.761904762,5.2425,7.8
2305ecc7d184,Alex,Yangon,Normal,Male,Sports and travel,25.84,3,3.876,81.396,3/10/2019,6:55:00 PM,Ewallet,77.52,4.761904762,3.876,6.6
fba1a4041c43,Alex,Yangon,Normal,Male,Home and lifestyle,50.93,8,20.372,427.812,3/22/2019,7:36:00 PM,Ewallet,407.44,4.761904762,20.372,9.2
cdf96ae29871,Cairo,Mandalay,Normal,Male,Health and beauty,96.11,1,4.8055,100.9155,1/25/2019,4:28:00 PM,Ewallet,96.11,4.761904762,4.8055,7.8
987ba9b46491,Giza,Naypyitaw,Normal,Female,Home and lifestyle,45.38,4,9.076,190.596,1/8/2019,1:48:00 PM,Credit card,181.52,4.761904762,9.076,8.7
12548df79bf0,Giza,Naypyitaw,Member,Female,Health and beauty,81.51,1,4.0755,85.5855,1/22/2019,10:57:00 AM,Ewallet,81.51,4.761904762,4.0755,9.2
f547d26ccb69,Cairo,Mandalay,Normal,Female,Health and beauty,57.22,2,5.722,120.162,1/12/2019,5:13:00 PM,Ewallet,114.44,4.761904762,5.722,8.3
2de92c03a464,Alex,Yangon,Member,Female,Electronic accessories,25.22,7,8.827,185.367,2/4/2019,10:23:00 AM,Cash,176.54,4.761904762,8.827,8.2
b23b84c3b112,Giza,Naypyitaw,Member,Female,Food and beverages,38.6,3,5.79,121.59,3/28/2019,1:57:00 PM,Ewallet,115.8,4.761904762,5.79,7.5
ab24a7b9728a,Giza,Naypyitaw,Normal,Female,Electronic accessories,84.05,3,12.6075,264.7575,1/23/2019,1:29:00 PM,Cash,252.15,4.761904762,12.6075,9.8
5c350c716a78,Giza,Naypyitaw,Member,Female,Fashion accessories,97.21,10,48.605,1020.705,2/8/2019,1:00:00 PM,Credit card,972.1,4.761904762,48.605,8.7
3f7b8ab0ebed,Cairo,Mandalay,Member,Male,Fashion accessories,25.42,8,10.168,213.528,3/19/2019,7:42:00 PM,Credit card,203.36,4.761904762,10.168,6.7
b7a6cacc82b7,Giza,Naypyitaw,Normal,Male,Fashion accessories,16.28,1,0.814,17.094,3/9/2019,3:36:00 PM,Cash,16.28,4.761904762,0.814,5.0
0f0f2cd40018,Cairo,Mandalay,Member,Male,Fashion accessories,40.61,9,18.2745,383.7645,1/2/2019,1:40:00 PM,Cash,365.49,4.761904762,18.2745,7.0
f26b2b47aa43,Alex,Yangon,Member,Male,Health and beauty,53.17,7,18.6095,390.7995,1/21/2019,6:01:00 PM,Cash,372.19,4.761904762,18.6095,8.9
1a9192f7488c,Cairo,Mandalay,Member,Female,Food and beverages,20.87,3,3.1305,65.7405,3/20/2019,1:53:00 PM,Credit card,62.61,4.761904762,3.1305,8.0
78a1368cc995,Cairo,Mandalay,Normal,Male,Sports and travel,67.27,5,16.8175,353.1675,2/27/2019,5:27:00 PM,Cash,336.35,4.761904762,16.8175,6.9
24d4d7cecdd2,Alex,Yangon,Member,Female,Home and lifestyle,90.65,10,45.325,951.825,3/8/2019,10:53:00 AM,Ewallet,906.5,4.761904762,45.325,7.3
36d0fc0913c2,Cairo,Mandalay,Normal,Male,Fashion accessories,69.08,2,6.908,145.068,1/31/2019,7:48:00 PM,Credit card,138.16,4.761904762,6.908,6.9
4c504fa8e227,Giza,Naypyitaw,Normal,Male,Food and beverages,43.27,2,4.327,90.867,3/8/2019,4:53:00 PM,Ewallet,86.54,4.761904762,4.327,5.7
2221f36bc02c,Alex,Yangon,Normal,Female,Electronic accessories,23.46,6,7.038,147.798,1/13/2019,7:14:00 PM,Ewallet,140.76,4.761904762,7.038,6.4
9839bc4620bc,Cairo,Mandalay,Normal,Male,Fashion accessories,95.54,7,33.439,702.219,3/9/2019,2:36:00 PM,Credit card,668.78,4.761904762,33.439,9.6
1495a0a8ccd9,Cairo,Mandalay,Normal,Female,Fashion accessories,47.44,1,2.372,49.812,2/22/2019,6:19:00 PM,Credit card,47.44,4.761904762,2.372,6.8
44d7701cb7e2,Giza,Naypyitaw,Normal,Male,Sports and travel,99.24,9,44.658,937.818,3/19/2019,7:09:00 PM,Ewallet,893.16,4.761904762,44.658,9.0
4b346581d066,Giza,Naypyitaw,Member,Male,Sports and travel,82.93,4,16.586,348.306,1/20/2019,4:51:00 PM,Ewallet,331.72,4.761904762,16.586,9.6
bc942ac4a12b,Alex,Yangon,Normal,Male,Home and lifestyle,33.99,6,10.197,214.137,3/8/2019,3:37:00 PM,Credit card,203.94,4.761904762,10.197,7.7
1c2879bf813c,Giza,Naypyitaw,Member,Male,Food and beverages,17.04,4,3.408,71.568,3/8/2019,8:15:00 PM,Ewallet,68.16,4.761904762,3.408,7.0
81a6947f1094,Giza,Naypyitaw,Normal,Female,Electronic accessories,40.86,8,16.344,343.224,2/7/2019,2:38:00 PM,Credit card,326.88,4.761904762,16.344,6.5
f705482078f6,Giza,Naypyitaw,Member,Male,Food and beverages,17.44,5,4.36,91.56,1/15/2019,7:25:00 PM,Cash,87.2,4.761904762,4.36,8.1
9389a0ccad4d,Cairo,Mandalay,Member,Female,Sports and travel,88.43,8,35.372,742.812,3/22/2019,7:35:00 PM,Credit card,707.44,4.761904762,35.372,4.3
7ab009e0f900,Alex,Yangon,Member,Female,Home and lifestyle,89.21,9,40.1445,843.0345,1/15/2019,3:42:00 PM,Credit card,802.89,4.761904762,40.1445,6.5
232edf607b7d,Giza,Naypyitaw,Normal,Male,Fashion accessories,12.78,1,0.639,13.419,1/8/2019,2:11:00 PM,Ewallet,12.78,4.761904762,0.639,9.5
9db677c2c7cb,Alex,Yangon,Normal,Female,Sports and travel,19.1,7,6.685,140.385,1/15/2019,10:43:00 AM,Cash,133.7,4.761904762,6.685,9.7
03f9f43b8f92,Cairo,Mandalay,Member,Female,Health and beauty,19.15,1,0.9575,20.1075,1/28/2019,5:58:00 PM,Credit card,19.15,4.761904762,0.9575,9.5
57591477a43e,Giza,Naypyitaw,Member,Male,Food and beverages,27.66,10,13.83,290.43,2/14/2019,11:26:00 AM,Credit card,276.6,4.761904762,13.83,8.9
4ad11cf3efa1,Giza,Naypyitaw,Normal,Male,Fashion accessories,45.74,3,6.861,144.081,3/10/2019,5:38:00 PM,Credit card,137.22,4.761904762,6.861,6.5
63aeed4e50a1,Cairo,Mandalay,Member,Female,Health and beauty,27.07,1,1.3535,28.4235,1/12/2019,8:07:00 PM,Credit card,27.07,4.761904762,1.3535,5.3
43901b9c2862,Cairo,Mandalay,Member,Female,Sports and travel,39.12,1,1.956,41.076,3/26/2019,11:02:00 AM,Credit card,39.12,4.761904762,1.956,9.6
9ce7f06345dd,Cairo,Mandalay,Normal,Female,Electronic accessories,74.71,6,22.413,470.673,1/1/2019,7:07:00 PM,Cash,448.26,4.761904762,22.413,6.7
479f8f6fc1ef,Cairo,Mandalay,Normal,Male,Electronic accessories,22.01,6,6.603,138.663,1/2/2019,6:50:00 PM,Cash,132.06,4.761904762,6.603,7.6
db673dd1c695,Alex,Yangon,Normal,Female,Food and beverages,63.61,5,15.9025,333.9525,3/16/2019,12:43:00 PM,Ewallet,318.05,4.761904762,15.9025,4.8
11f06578d9a9,Alex,Yangon,Normal,Male,Health and beauty,25.0,1,1.25,26.25,3/3/2019,3:09:00 PM,Ewallet,25.0,4.761904762,1.25,5.5
0b50b230ed09,Alex,Yangon,Member,Male,Electronic accessories,20.77,4,4.154,87.234,1/31/2019,1:47:00 PM,Cash,83.08,4.761904762,4.154,4.7
1deaed1d937c,Cairo,Mandalay,Member,Female,Fashion accessories,29.56,5,7.39,155.19,2/13/2019,4:59:00 PM,Cash,147.8,4.761904762,7.39,6.9
d3b5d048a419,Cairo,Mandalay,Member,Female,Food and beverages,77.4,9,34.83,731.43,2/15/2019,2:15:00 PM,Credit card,696.6,4.761904762,34.83,4.5
f45ce5ee98ae,Cairo,Mandalay,Normal,Male,Electronic accessories,79.39,10,39.695,833.595,2/7/2019,8:24:00 PM,Cash,793.9,4.761904762,39.695,6.2
94f2713571eb,Giza,Naypyitaw,Member,Female,Electronic accessories,46.57,10,23.285,488.985,1/27/2019,1:58:00 PM,Cash,465.7,4.761904762,23.285,7.6
4dce51ace4e0,Giza,Naypyitaw,Normal,Male,Food and beverages,35.89,1,1.7945,37.6845,2/23/2019,4:52:00 PM,Credit card,35.89,4.761904762,1.7945,7.9
8766332d9185,Giza,Naypyitaw,Normal,Male,Food and beverages,40.52,5,10.13,212.73,2/3/2019,3:19:00 PM,Cash,202.6,4.761904762,10.13,4.5
bbba27aa6a69,Cairo,Mandalay,Member,Female,Food and beverages,73.05,10,36.525,767.025,3/3/2019,12:25:00 PM,Credit card,730.5,4.761904762,36.525,8.7
5b3c8542be63,Giza,Naypyitaw,Normal,Female,Sports and travel,73.95,4,14.79,310.59,2/3/2019,10:02:00 AM,Cash,295.8,4.761904762,14.79,6.1
2a9bd3a6f96f,Giza,Naypyitaw,Member,Female,Food and beverages,22.62,1,1.131,23.751,3/17/2019,6:58:00 PM,Cash,22.62,4.761904762,1.131,6.4
fac8ae03d693,Alex,Yangon,Member,Male,Food and beverages,51.34,5,12.835,269.535,3/28/2019,3:31:00 PM,Credit card,256.7,4.761904762,12.835,9.1
b195a7169deb,Giza,Naypyitaw,Member,Female,Sports and travel,54.55,10,27.275,572.775,3/2/2019,11:22:00 AM,Credit card,545.5,4.761904762,27.275,7.1
a84a1b364776,Giza,Naypyitaw,Member,Female,Health and beauty,37.15,7,13.0025,273.0525,2/8/2019,1:12:00 PM,Credit card,260.05,4.761904762,13.0025,7.7
488e64aa04d4,Cairo,Mandalay,Normal,Male,Sports and travel,37.02,6,11.106,233.226,3/22/2019,6:33:00 PM,Cash,222.12,4.761904762,11.106,4.5
8958a146969d,Giza,Naypyitaw,Normal,Male,Food and beverages,21.58,1,1.079,22.659,2/9/2019,10:02:00 AM,Ewallet,21.58,4.761904762,1.079,7.2
4ea4c0aeb224,Giza,Naypyitaw,Member,Female,Electronic accessories,98.84,1,4.942,103.782,2/15/2019,11:21:00 AM,Cash,98.84,4.761904762,4.942,8.4
af3366d5ac0b,Giza,Naypyitaw,Member,Female,Home and lifestyle,83.77,6,25.131,527.751,1/23/2019,12:10:00 PM,Ewallet,502.62,4.761904762,25.131,5.4
ec14a454d1e1,Alex,Yangon,Member,Female,Sports and travel,40.05,4,8.01,168.21,1/25/2019,11:40:00 AM,Cash,160.2,4.761904762,8.01,9.7
bd40626435cf,Alex,Yangon,Member,Male,Fashion accessories,43.13,10,21.565,452.865,2/2/2019,6:31:00 PM,Credit card,431.3,4.761904762,21.565,5.5
9362a4eb8030,Cairo,Mandalay,Member,Male,Health and beauty,72.57,8,29.028,609.588,3/30/2019,5:58:00 PM,Cash,580.56,4.761904762,29.028,4.6
97da8e1c72a7,Alex,Yangon,Member,Female,Electronic accessories,64.44,5,16.11,338.31,3/30/2019,5:04:00 PM,Cash,322.2,4.761904762,16.11,6.6
8389b211fd17,Alex,Yangon,Normal,Male,Health and beauty,65.18,3,9.777,205.317,2/25/2019,8:35:00 PM,Credit card,195.54,4.761904762,9.777,6.3
a87ebf4b8f17,Alex,Yangon,Normal,Female,Sports and travel,33.26,5,8.315,174.615,3/18/2019,4:10:00 PM,Credit card,166.3,4.761904762,8.315,4.2
47c1632403e6,Giza,Naypyitaw,Normal,Male,Electronic accessories,84.07,4,16.814,353.094,3/7/2019,4:54:00 PM,Ewallet,336.28,4.761904762,16.814,4.4
ddf5a371fa82,Cairo,Mandalay,Normal,Male,Sports and travel,34.37,10,17.185,360.885,3/16/2019,10:11:00 AM,Ewallet,343.7,4.761904762,17.185,6.7
3eafa8f7211d,Alex,Yangon,Normal,Male,Electronic accessories,38.6,1,1.93,40.53,1/29/2019,11:26:00 AM,Ewallet,38.6,4.761904762,1.93,6.7
0fc10d6add78,Giza,Naypyitaw,Normal,Male,Food and beverages,65.97,8,26.388,554.148,2/2/2019,8:29:00 PM,Cash,527.76,4.761904762,26.388,8.4
052d11ce15d8,Giza,Naypyitaw,Normal,Female,Electronic accessories,32.8,10,16.4,344.4,2/15/2019,12:12:00 PM,Cash,328.0,4.761904762,16.4,6.2
cc6d58868aa3,Alex,Yangon,Normal,Male,Sports and travel,37.14,5,9.285,194.985,1/8/2019,1:05:00 PM,Ewallet,185.7,4.761904762,9.285,5.0
f08e1dc58cbc,Cairo,Mandalay,Member,Male,Home and lifestyle,60.38,10,30.19,633.99,2/12/2019,4:19:00 PM,Cash,603.8,4.761904762,30.19,6.0
f5374100a88f,Giza,Naypyitaw,Member,Female,Sports and travel,36.98,10,18.49,388.29,1/1/2019,7:48:00 PM,Credit card,369.8,4.761904762,18.49,7.0
f9ee87edd066,Cairo,Mandalay,Member,Female,Sports and travel,49.49,4,9.898,207.858,3/21/2019,3:25:00 PM,Ewallet,197.96,4.761904762,9.898,6.6
0bda9605166b,Cairo,Mandalay,Normal,Female,Fashion accessories,41.09,10,20.545,431.445,2/28/2019,2:42:00 PM,Cash,410.9,4.761904762,20.545,7.3
135475c96dc8,Alex,Yangon,Normal,Male,Fashion accessories,37.15,4,7.43,156.03,3/23/2019,6:59:00 PM,Ewallet,148.6,4.761904762,7.43,8.3
2d314fc86d11,Giza,Naypyitaw,Normal,Male,Home and lifestyle,22.96,1,1.148,24.108,1/30/2019,8:47:00 PM,Cash,22.96,4.761904762,1.148,4.3
e5ca7fa06523,Cairo,Mandalay,Member,Female,Home and lifestyle,77.68,9,34.956,734.076,2/4/2019,1:21:00 PM,Ewallet,699.12,4.761904762,34.956,9.8
baede9a5ec08,Cairo,Mandalay,Normal,Female,Fashion accessories,34.7,2,3.47,72.87,3/13/2019,7:48:00 PM,Ewallet,69.4,4.761904762,3.47,8.2
caf5ce76c531,Alex,Yangon,Member,Female,Fashion accessories,19.66,10,9.83,206.43,3/15/2019,6:20:00 PM,Credit card,196.6,4.761904762,9.83,7.2
4b9a5620f41c,Cairo,Mandalay,Member,Female,Health and beauty,25.32,8,10.128,212.688,3/5/2019,8:24:00 PM,Ewallet,202.56,4.761904762,10.128,8.7
e7a267659b23,Giza,Naypyitaw,Member,Female,Home and lifestyle,12.12,10,6.06,127.26,3/5/2019,1:44:00 PM,Credit card,121.2,4.761904762,6.06,8.4
4310a209d21a,Cairo,Mandalay,Normal,Male,Fashion accessories,99.89,2,9.989,209.769,2/26/2019,11:48:00 AM,Ewallet,199.78,4.761904762,9.989,7.1
d095ea0d9ada,Cairo,Mandalay,Normal,Male,Sports and travel,75.92,8,30.368,637.728,3/20/2019,2:14:00 PM,Cash,607.36,4.761904762,30.368,5.5
c93acf61ce40,Giza,Naypyitaw,Normal,Female,Electronic accessories,63.22,2,6.322,132.762,1/1/2019,3:51:00 PM,Cash,126.44,4.761904762,6.322,8.5
6fdde24b6ad6,Giza,Naypyitaw,Normal,Female,Food and beverages,90.24,6,27.072,568.512,1/27/2019,11:17:00 AM,Cash,541.44,4.761904762,27.072,6.2
ca85cf8b1f58,Cairo,Mandalay,Member,Female,Sports and travel,98.13,1,4.9065,103.0365,1/21/2019,5:36:00 PM,Cash,98.13,4.761904762,4.9065,8.9
24ffbd438124,Alex,Yangon,Member,Female,Sports and travel,51.52,8,20.608,432.768,2/2/2019,3:47:00 PM,Cash,412.16,4.761904762,20.608,9.6
61034efa339b,Cairo,Mandalay,Member,Male,Sports and travel,73.97,1,3.6985,77.6685,2/3/2019,3:53:00 PM,Credit card,73.97,4.761904762,3.6985,5.4
4d8b4a3bef31,Giza,Naypyitaw,Member,Female,Fashion accessories,31.9,1,1.595,33.495,1/5/2019,12:40:00 PM,Ewallet,31.9,4.761904762,1.595,9.1
3d443821cd80,Giza,Naypyitaw,Normal,Male,Home and lifestyle,69.4,2,6.94,145.74,1/27/2019,7:48:00 PM,Ewallet,138.8,4.761904762,6.94,9.0
5da9e9462ee3,Cairo,Mandalay,Normal,Female,Sports and travel,93.31,2,9.331,195.951,3/25/2019,5:53:00 PM,Cash,186.62,4.761904762,9.331,6.3
5e58d9f16f7a,Cairo,Mandalay,Normal,Male,Sports and travel,88.45,1,4.4225,92.8725,2/25/2019,4:36:00 PM,Credit card,88.45,4.761904762,4.4225,9.5
1ad35ce25624,Alex,Yangon,Member,Male,Electronic accessories,24.18,8,9.672,203.112,1/28/2019,8:54:00 PM,Ewallet,193.44,4.761904762,9.672,9.8
ebe89612f6f4,Cairo,Mandalay,Member,Female,Sports and travel,48.5,3,7.275,152.775,1/8/2019,12:50:00 PM,Cash,145.5,4.761904762,7.275,6.7
178d14043959,Cairo,Mandalay,Normal,Female,Food and beverages,84.05,6,25.215,529.515,1/29/2019,10:48:00 AM,Credit card,504.3,4.761904762,25.215,7.7
e236dac90046,Cairo,Mandalay,Member,Male,Health and beauty,61.29,5,15.3225,321.7725,3/29/2019,2:28:00 PM,Cash,306.45,4.761904762,15.3225,7.0
d5fb532abc53,Giza,Naypyitaw,Member,Female,Home and lifestyle,15.95,6,4.785,100.485,2/9/2019,5:15:00 PM,Credit card,95.7,4.761904762,4.785,5.1
4cd0b4c36251,Cairo,Mandalay,Member,Female,Sports and travel,90.74,7,31.759,666.939,1/16/2019,6:03:00 PM,Credit card,635.18,4.761904762,31.759,6.2
2e3cb7bf0943,Alex,Yangon,Normal,Female,Home and lifestyle,42.91,5,10.7275,225.2775,1/5/2019,5:29:00 PM,Ewallet,214.55,4.761904762,10.7275,6.1
33acd37db1c5,Alex,Yangon,Normal,Female,Fashion accessories,54.28,7,18.998,398.958,1/27/2019,6:05:00 PM,Ewallet,379.96,4.761904762,18.998,9.3
414bd9cbef2e,Alex,Yangon,Normal,Male,Electronic accessories,99.55,7,34.8425,731.6925,3/14/2019,12:07:00 PM,Cash,696.85,4.761904762,34.8425,7.6
1086d1ec5fa3,Giza,Naypyitaw,Member,Male,Sports and travel,58.39,7,20.4365,429.1665,2/23/2019,7:49:00 PM,Credit card,408.73,4.761904762,20.4365,8.2
86fdb4e6cb7a,Giza,Naypyitaw,Member,Female,Fashion accessories,51.47,1,2.5735,54.0435,3/18/2019,3:52:00 PM,Ewallet,51.47,4.761904762,2.5735,8.5
5f96e4ab999e,Cairo,Mandalay,Member,Male,Health and beauty,54.86,5,13.715,288.015,3/29/2019,4:48:00 PM,Ewallet,274.3,4.761904762,13.715,9.8
bd9dac7f2864,Giza,Naypyitaw,Member,Male,Home and lifestyle,39.39,5,9.8475,206.7975,1/22/2019,8:46:00 PM,Credit card,196.95,4.761904762,9.8475,8.7
4d8b6641dddc,Alex,Yangon,Normal,Male,Home and lifestyle,34.73,2,3.473,72.933,3/1/2019,6:14:00 PM,Ewallet,69.46,4.761904762,3.473,9.7
75afee7c579c,Giza,Naypyitaw,Member,Male,Sports and travel,71.92,5,17.98,377.58,1/17/2019,3:05:00 PM,Credit card,359.6,4.761904762,17.98,4.3
0f1849e98857,Cairo,Mandalay,Normal,Female,Electronic accessories,45.71,3,6.8565,143.9865,3/26/2019,10:34:00 AM,Credit card,137.13,4.761904762,6.8565,7.7
8a7c85d9b395,Giza,Naypyitaw,Member,Female,Home and lifestyle,83.17,6,24.951,523.971,3/20/2019,11:23:00 AM,Cash,499.02,4.761904762,24.951,7.3
584677d27c1b,Alex,Yangon,Member,Female,Home and lifestyle,37.44,6,11.232,235.872,2/6/2019,1:55:00 PM,Credit card,224.64,4.761904762,11.232,5.9
40b4910af427,Giza,Naypyitaw,Normal,Male,Health and beauty,62.87,2,6.287,132.027,1/1/2019,11:43:00 AM,Cash,125.74,4.761904762,6.287,5.0
b918818f8747,Alex,Yangon,Normal,Male,Food and beverages,81.71,6,24.513,514.773,1/27/2019,2:36:00 PM,Credit card,490.26,4.761904762,24.513,8.0
b315cdbe0c93,Alex,Yangon,Member,Female,Sports and travel,91.41,5,22.8525,479.9025,2/25/2019,4:03:00 PM,Ewallet,457.05,4.761904762,22.8525,7.1
c4dd76a941e0,Cairo,Mandalay,Normal,Male,Fashion accessories,39.21,4,7.842,164.682,1/16/2019,8:03:00 PM,Credit card,156.84,4.761904762,7.842,9.0
287379bd3ad7,Cairo,Mandalay,Member,Male,Fashion accessories,59.86,2,5.986,125.706,1/13/2019,2:55:00 PM,Ewallet,119.72,4.761904762,5.986,6.7
06e02e86861c,Cairo,Mandalay,Member,Female,Food and beverages,54.36,10,27.18,570.78,2/7/2019,11:28:00 AM,Credit card,543.6,4.761904762,27.18,6.1
5fa7ce741f81,Alex,Yangon,Normal,Male,Sports and travel,98.09,9,44.1405,926.9505,2/17/2019,7:41:00 PM,Cash,882.81,4.761904762,44.1405,9.3
3adc87edfdaf,Alex,Yangon,Normal,Male,Health and beauty,25.43,6,7.629,160.209,2/12/2019,7:01:00 PM,Ewallet,152.58,4.761904762,7.629,7.0
416454928e0a,Alex,Yangon,Member,Male,Fashion accessories,86.68,8,34.672,728.112,1/24/2019,6:04:00 PM,Credit card,693.44,4.761904762,34.672,7.2
122a8089d0b8,Cairo,Mandalay,Normal,Male,Electronic accessories,22.95,10,11.475,240.975,2/6/2019,7:20:00 PM,Ewallet,229.5,4.761904762,11.475,8.2
aab6e870142e,Giza,Naypyitaw,Normal,Female,Food and beverages,16.31,9,7.3395,154.1295,3/26/2019,10:31:00 AM,Ewallet,146.79,4.761904762,7.3395,8.4
13e46c07d8e0,Alex,Yangon,Normal,Female,Home and lifestyle,28.32,5,7.08,148.68,3/11/2019,1:28:00 PM,Ewallet,141.6,4.761904762,7.08,6.2
a9f6d2495108,Giza,Naypyitaw,Normal,Male,Home and lifestyle,16.67,7,5.8345,122.5245,2/7/2019,11:36:00 AM,Ewallet,116.69,4.761904762,5.8345,7.4
069731db617d,Cairo,Mandalay,Member,Female,Fashion accessories,73.96,1,3.698,77.658,1/5/2019,11:32:00 AM,Credit card,73.96,4.761904762,3.698,5.0
ac956e1d2202,Alex,Yangon,Normal,Male,Home and lifestyle,97.94,1,4.897,102.837,3/7/2019,11:44:00 AM,Ewallet,97.94,4.761904762,4.897,6.9
cfd0d5e3d9d7,Alex,Yangon,Normal,Female,Fashion accessories,73.05,4,14.61,306.81,2/25/2019,5:16:00 PM,Credit card,292.2,4.761904762,14.61,4.9
bacee7c3dc00,Giza,Naypyitaw,Member,Female,Food and beverages,87.48,6,26.244,551.124,2/1/2019,6:43:00 PM,Ewallet,524.88,4.761904762,26.244,5.1
7c0d5f7109e1,Alex,Yangon,Normal,Male,Home and lifestyle,30.68,3,4.602,96.642,1/22/2019,11:00:00 AM,Ewallet,92.04,4.761904762,4.602,9.1
abf751e0fd1a,Giza,Naypyitaw,Member,Male,Health and beauty,75.88,1,3.794,79.674,1/3/2019,10:30:00 AM,Credit card,75.88,4.761904762,3.794,7.1
0deef858f827,Cairo,Mandalay,Member,Female,Sports and travel,20.18,4,4.036,84.756,2/13/2019,12:14:00 PM,Credit card,80.72,4.761904762,4.036,5.0
8315780ecff8,Giza,Naypyitaw,Member,Male,Electronic accessories,18.77,6,5.631,118.251,1/28/2019,4:43:00 PM,Credit card,112.62,4.761904762,5.631,5.5
3e77586bd994,Cairo,Mandalay,Normal,Female,Food and beverages,71.2,1,3.56,74.76,1/5/2019,8:40:00 PM,Credit card,71.2,4.761904762,3.56,9.2
e5ec0da3ed3d,Cairo,Mandalay,Member,Male,Home and lifestyle,38.81,4,7.762,163.002,3/19/2019,1:40:00 PM,Ewallet,155.24,4.761904762,7.762,4.9
cb4f1629ac3d,Alex,Yangon,Normal,Female,Fashion accessories,29.42,10,14.71,308.91,1/12/2019,4:23:00 PM,Ewallet,294.2,4.761904762,14.71,8.9
6ef8ea698458,Alex,Yangon,Normal,Male,Sports and travel,60.95,9,27.4275,575.9775,1/7/2019,12:08:00 PM,Credit card,548.55,4.761904762,27.4275,6.0
878ca5d3f877,Cairo,Mandalay,Normal,Female,Sports and travel,51.54,5,12.885,270.585,1/26/2019,5:45:00 PM,Cash,257.7,4.761904762,12.885,4.2
43bebf6f9bf8,Alex,Yangon,Normal,Female,Electronic accessories,66.06,6,19.818,416.178,1/23/2019,10:28:00 AM,Cash,396.36,4.761904762,19.818,7.3
6437a254e113,Cairo,Mandalay,Normal,Male,Fashion accessories,57.27,3,8.5905,180.4005,2/9/2019,8:31:00 PM,Ewallet,171.81,4.761904762,8.5905,6.5
f4d77685127c,Cairo,Mandalay,Normal,Female,Fashion accessories,54.31,9,24.4395,513.2295,2/22/2019,10:49:00 AM,Cash,488.79,4.761904762,24.4395,8.9
5d798cbc64dc,Cairo,Mandalay,Normal,Female,Health and beauty,58.24,9,26.208,550.368,2/5/2019,12:34:00 PM,Cash,524.16,4.761904762,26.208,9.7
6ecdacdd7608,Giza,Naypyitaw,Normal,Male,Electronic accessories,22.21,6,6.663,139.923,3/7/2019,10:23:00 AM,Credit card,133.26,4.761904762,6.663,8.6
bcd8cc283e55,Alex,Yangon,Member,Male,Electronic accessories,19.32,7,6.762,142.002,3/25/2019,6:51:00 PM,Cash,135.24,4.761904762,6.762,6.9
42c3bba8972d,Cairo,Mandalay,Normal,Male,Home and lifestyle,37.48,3,5.622,118.062,1/20/2019,1:45:00 PM,Credit card,112.44,4.761904762,5.622,7.7
2845f34331db,Cairo,Mandalay,Member,Female,Fashion accessories,72.04,2,7.204,151.284,2/4/2019,7:38:00 PM,Cash,144.08,4.761904762,7.204,9.5
b2e0c445792c,Giza,Naypyitaw,Member,Female,Food and beverages,98.52,10,49.26,1034.46,1/30/2019,8:23:00 PM,Ewallet,985.2,4.761904762,49.26,4.5
8f04f1e5c2fe,Alex,Yangon,Member,Male,Food and beverages,41.66,6,12.498,262.458,1/2/2019,3:24:00 PM,Ewallet,249.96,4.761904762,12.498,5.6
77abe48010af,Alex,Yangon,Member,Female,Home and lifestyle,72.42,3,10.863,228.123,3/29/2019,4:54:00 PM,Ewallet,217.26,4.761904762,10.863,8.2
8a38c4201d03,Cairo,Mandalay,Normal,Male,Electronic accessories,21.58,9,9.711,203.931,3/14/2019,12:32:00 PM,Cash,194.22,4.761904762,9.711,7.3
10570c97bb4a,Giza,Naypyitaw,Normal,Male,Food and beverages,89.2,10,44.6,936.6,2/11/2019,3:42:00 PM,Credit card,892.0,4.761904762,44.6,4.4
8b466ba7d92e,Cairo,Mandalay,Normal,Female,Electronic accessories,42.42,8,16.968,356.328,1/30/2019,1:58:00 PM,Ewallet,339.36,4.761904762,16.968,5.7
154d310fb82d,Alex,Yangon,Member,Male,Electronic accessories,74.51,6,22.353,469.413,3/20/2019,3:08:00 PM,Ewallet,447.06,4.761904762,22.353,5.0
1d9eb4871d65,Cairo,Mandalay,Normal,Male,Fashion accessories,99.25,2,9.925,208.425,3/20/2019,1:02:00 PM,Cash,198.5,4.761904762,9.925,9.0
56693ee28835,Alex,Yangon,Normal,Female,Food and beverages,81.21,10,40.605,852.705,1/17/2019,1:01:00 PM,Credit card,812.1,4.761904762,40.605,6.3
0285e21eb990,Giza,Naypyitaw,Normal,Female,Sports and travel,49.33,10,24.665,517.965,2/3/2019,4:40:00 PM,Credit card,493.3,4.761904762,24.665,9.4
d4203fc70198,Alex,Yangon,Normal,Female,Fashion accessories,65.74,9,29.583,621.243,1/1/2019,1:55:00 PM,Cash,591.66,4.761904762,29.583,7.7
6fec9615958f,Cairo,Mandalay,Normal,Female,Fashion accessories,79.86,7,27.951,586.971,1/10/2019,10:33:00 AM,Credit card,559.02,4.761904762,27.951,5.5
bb8d6cc5d788,Giza,Naypyitaw,Normal,Female,Sports and travel,73.98,7,25.893,543.753,3/2/2019,4:42:00 PM,Ewallet,517.86,4.761904762,25.893,4.1
561b7e814a73,Cairo,Mandalay,Member,Female,Home and lifestyle,82.04,5,20.51,430.71,2/25/2019,5:16:00 PM,Credit card,410.2,4.761904762,20.51,7.6
e3d4b1802a21,Cairo,Mandalay,Member,Male,Sports and travel,26.67,10,13.335,280.035,1/29/2019,11:48:00 AM,Cash,266.7,4.761904762,13.335,8.6
82c3c5b85304,Alex,Yangon,Member,Male,Food and beverages,10.13,7,3.5455,74.4555,3/10/2019,7:35:00 PM,Ewallet,70.91,4.761904762,3.5455,8.3
4765cb731b9c,Cairo,Mandalay,Normal,Male,Food and beverages,72.39,2,7.239,152.019,1/13/2019,7:55:00 PM,Credit card,144.78,4.761904762,7.239,8.1
3e5eb1e9289e,Alex,Yangon,Normal,Male,Sports and travel,85.91,5,21.4775,451.0275,3/22/2019,2:33:00 PM,Credit card,429.55,4.761904762,21.4775,8.6
3eb38d80999c,Cairo,Mandalay,Member,Male,Fashion accessories,81.31,7,28.4585,597.6285,3/1/2019,7:49:00 PM,Ewallet,569.17,4.761904762,28.4585,6.3
d19da2f46fd8,Cairo,Mandalay,Normal,Male,Food and beverages,60.3,4,12.06,253.26,2/20/2019,6:43:00 PM,Cash,241.2,4.761904762,12.06,5.8
711a3c99369c,Giza,Naypyitaw,Normal,Male,Food and beverages,31.77,4,6.354,133.434,1/14/2019,2:43:00 PM,Ewallet,127.08,4.761904762,6.354,6.2
67a4a24f03cd,Alex,Yangon,Normal,Female,Health and beauty,64.27,4,12.854,269.934,3/26/2019,1:54:00 PM,Cash,257.08,4.761904762,12.854,7.7
a497ef87b329,Cairo,Mandalay,Normal,Male,Health and beauty,69.51,2,6.951,145.971,3/1/2019,12:15:00 PM,Ewallet,139.02,4.761904762,6.951,8.1
17cf6573dca1,Giza,Naypyitaw,Normal,Male,Food and beverages,27.22,3,4.083,85.743,1/7/2019,12:37:00 PM,Cash,81.66,4.761904762,4.083,7.3
1dad62456eb0,Alex,Yangon,Member,Female,Health and beauty,77.68,4,15.536,326.256,2/1/2019,7:54:00 PM,Cash,310.72,4.761904762,15.536,8.4
fd960ec230ce,Giza,Naypyitaw,Member,Female,Fashion accessories,92.98,2,9.298,195.258,2/13/2019,3:06:00 PM,Credit card,185.96,4.761904762,9.298,8.0
cf7140f7b458,Cairo,Mandalay,Member,Female,Fashion accessories,18.08,4,3.616,75.936,1/14/2019,6:03:00 PM,Credit card,72.32,4.761904762,3.616,9.5
db3e1f62b28d,Cairo,Mandalay,Normal,Male,Sports and travel,63.06,3,9.459,198.639,1/19/2019,3:58:00 PM,Ewallet,189.18,4.761904762,9.459,7.0
8b571b82b49c,Alex,Yangon,Normal,Male,Health and beauty,51.71,4,10.342,217.182,3/9/2019,1:53:00 PM,Credit card,206.84,4.761904762,10.342,9.8
d9c09aadb6a7,Alex,Yangon,Normal,Female,Food and beverages,52.34,3,7.851,164.871,3/27/2019,2:03:00 PM,Cash,157.02,4.761904762,7.851,9.2
68b79864a2a3,Alex,Yangon,Normal,Female,Sports and travel,43.06,5,10.765,226.065,2/4/2019,4:38:00 PM,Ewallet,215.3,4.761904762,10.765,7.7
a6ecfd0f183d,Giza,Naypyitaw,Normal,Male,Fashion accessories,59.61,10,29.805,625.905,3/14/2019,11:07:00 AM,Cash,596.1,4.761904762,29.805,5.3
17e61a76ed40,Alex,Yangon,Normal,Male,Health and beauty,14.62,5,3.655,76.755,3/4/2019,12:23:00 PM,Cash,73.1,4.761904762,3.655,4.4
5aa255e1f514,Giza,Naypyitaw,Member,Male,Health and beauty,46.53,6,13.959,293.139,3/3/2019,10:54:00 AM,Credit card,279.18,4.761904762,13.959,4.3
47cec19cec35,Giza,Naypyitaw,Member,Female,Home and lifestyle,24.24,7,8.484,178.164,1/27/2019,5:38:00 PM,Ewallet,169.68,4.761904762,8.484,9.4
ec5a34010c55,Alex,Yangon,Member,Female,Sports and travel,45.58,1,2.279,47.859,2/7/2019,2:13:00 PM,Cash,45.58,4.761904762,2.279,9.8
9e73fad43ccd,Alex,Yangon,Member,Female,Sports and travel,75.2,3,11.28,236.88,2/5/2019,11:51:00 AM,Ewallet,225.6,4.761904762,11.28,4.8
a47f8849286c,Cairo,Mandalay,Member,Male,Sports and travel,96.8,3,14.52,304.92,3/15/2019,1:05:00 PM,Cash,290.4,4.761904762,14.52,5.3
706342100754,Cairo,Mandalay,Normal,Male,Health and beauty,14.82,3,2.223,46.683,3/1/2019,11:30:00 AM,Credit card,44.46,4.761904762,2.223,8.7
c38ca02f6947,Alex,Yangon,Normal,Male,Food and beverages,52.2,3,7.83,164.43,2/15/2019,1:30:00 PM,Credit card,156.6,4.761904762,7.83,9.5
1ceabe552ee7,Giza,Naypyitaw,Normal,Female,Sports and travel,46.66,9,20.997,440.937,2/17/2019,7:11:00 PM,Ewallet,419.94,4.761904762,20.997,5.3
5ed0c1456822,Giza,Naypyitaw,Normal,Female,Fashion accessories,36.85,5,9.2125,193.4625,1/26/2019,6:53:00 PM,Cash,184.25,4.761904762,9.2125,9.2
5fa85d994f12,Alex,Yangon,Member,Female,Home and lifestyle,70.32,2,7.032,147.672,3/24/2019,2:22:00 PM,Ewallet,140.64,4.761904762,7.032,9.6
e48c40c2b37a,Giza,Naypyitaw,Normal,Male,Electronic accessories,83.08,1,4.154,87.234,1/23/2019,5:16:00 PM,Ewallet,83.08,4.761904762,4.154,6.4
cfab4dba33c4,Giza,Naypyitaw,Normal,Female,Fashion accessories,64.99,1,3.2495,68.2395,1/26/2019,10:06:00 AM,Credit card,64.99,4.761904762,3.2495,4.5
68de8fedbf1a,Giza,Naypyitaw,Normal,Male,Food and beverages,77.56,10,38.78,814.38,3/14/2019,8:35:00 PM,Ewallet,775.6,4.761904762,38.78,6.9
ff0ce733aa26,Cairo,Mandalay,Normal,Female,Sports and travel,54.51,6,16.353,343.413,3/17/2019,1:54:00 PM,Ewallet,327.06,4.761904762,16.353,7.8
660acfbb55fd,Giza,Naypyitaw,Member,Female,Fashion accessories,51.89,7,18.1615,381.3915,1/8/2019,8:08:00 PM,Cash,363.23,4.761904762,18.1615,4.5
f22ec14bef8e,Cairo,Mandalay,Normal,Male,Home and lifestyle,31.75,4,6.35,133.35,2/8/2019,3:26:00 PM,Cash,127.0,4.761904762,6.35,8.6
22957d72bf25,Alex,Yangon,Member,Female,Fashion accessories,53.65,7,18.7775,394.3275,2/10/2019,12:56:00 PM,Ewallet,375.55,4.761904762,18.7775,5.2
18afde4658d9,Giza,Naypyitaw,Member,Female,Food and beverages,49.79,4,9.958,209.118,3/28/2019,7:16:00 PM,Credit card,199.16,4.761904762,9.958,6.4
a5418a86a011,Alex,Yangon,Normal,Male,Fashion accessories,30.61,1,1.5305,32.1405,1/23/2019,12:20:00 PM,Ewallet,30.61,4.761904762,1.5305,5.2
5303ddc93201,Cairo,Mandalay,Member,Male,Food and beverages,57.89,2,5.789,121.569,1/17/2019,10:37:00 AM,Ewallet,115.78,4.761904762,5.789,8.9
472f58391433,Alex,Yangon,Normal,Female,Electronic accessories,28.96,1,1.448,30.408,2/7/2019,10:18:00 AM,Credit card,28.96,4.761904762,1.448,6.2
ff38f9cff751,Giza,Naypyitaw,Member,Female,Food and beverages,98.97,9,44.5365,935.2665,3/9/2019,11:23:00 AM,Cash,890.73,4.761904762,44.5365,6.7
e0f2da31471c,Cairo,Mandalay,Member,Male,Fashion accessories,93.22,3,13.983,293.643,1/24/2019,11:45:00 AM,Cash,279.66,4.761904762,13.983,7.2
ec6b626d5887,Giza,Naypyitaw,Member,Male,Sports and travel,80.93,1,4.0465,84.9765,1/19/2019,4:08:00 PM,Credit card,80.93,4.761904762,4.0465,9.0
3108d50efb0f,Alex,Yangon,Member,Male,Food and beverages,67.45,10,33.725,708.225,2/3/2019,11:25:00 AM,Ewallet,674.5,4.761904762,33.725,4.2
da99f057a4c4,Alex,Yangon,Member,Female,Sports and travel,38.72,9,17.424,365.904,3/20/2019,12:24:00 PM,Ewallet,348.48,4.761904762,17.424,4.2
c129a8087e2a,Cairo,Mandalay,Member,Male,Sports and travel,72.6,6,21.78,457.38,1/13/2019,7:51:00 PM,Cash,435.6,4.761904762,21.78,6.9
83fa4f1cab97,Giza,Naypyitaw,Member,Male,Electronic accessories,87.91,5,21.9775,461.5275,3/14/2019,6:10:00 PM,Ewallet,439.55,4.761904762,21.9775,4.4
5dd01da3075a,Alex,Yangon,Member,Male,Food and beverages,98.53,6,29.559,620.739,1/23/2019,11:22:00 AM,Credit card,591.18,4.761904762,29.559,4.0
0b2823763956,Giza,Naypyitaw,Member,Female,Fashion accessories,43.46,6,13.038,273.798,2/7/2019,5:55:00 PM,Ewallet,260.76,4.761904762,13.038,8.5
0c903c35f638,Alex,Yangon,Normal,Female,Food and beverages,71.68,3,10.752,225.792,3/28/2019,3:30:00 PM,Credit card,215.04,4.761904762,10.752,9.2
c020c1ba875a,Alex,Yangon,Member,Female,Food and beverages,91.61,1,4.5805,96.1905,3/20/2019,7:44:00 PM,Cash,91.61,4.761904762,4.5805,9.8
a1d19daa18ad,Cairo,Mandalay,Member,Female,Home and lifestyle,94.59,7,33.1065,695.2365,1/17/2019,3:27:00 PM,Credit card,662.13,4.761904762,33.1065,4.9
035acbe86fe4,Cairo,Mandalay,Normal,Female,Fashion accessories,83.25,10,41.625,874.125,1/12/2019,11:25:00 AM,Credit card,832.5,4.761904762,41.625,4.4
88c6ca4245c9,Cairo,Mandalay,Member,Male,Fashion accessories,91.35,1,4.5675,95.9175,2/16/2019,3:42:00 PM,Cash,91.35,4.761904762,4.5675,6.8
ce017f3ce8ec,Cairo,Mandalay,Member,Female,Food and beverages,78.88,2,7.888,165.648,1/26/2019,4:04:00 PM,Cash,157.76,4.761904762,7.888,9.1
5a857f4bfefc,Alex,Yangon,Normal,Male,Sports and travel,60.87,2,6.087,127.827,3/9/2019,12:37:00 PM,Ewallet,121.74,4.761904762,6.087,8.7
1ee9c59055f5,Cairo,Mandalay,Member,Male,Health and beauty,82.58,10,41.29,867.09,3/14/2019,2:41:00 PM,Cash,825.8,4.761904762,41.29,5.0
335b5d309ef6,Alex,Yangon,Member,Male,Home and lifestyle,53.3,3,7.995,167.895,1/25/2019,2:19:00 PM,Ewallet,159.9,4.761904762,7.995,7.5
fcf944634572,Alex,Yangon,Normal,Female,Fashion accessories,12.09,1,0.6045,12.6945,1/26/2019,6:19:00 PM,Credit card,12.09,4.761904762,0.6045,8.2
344d14f4c5a0,Alex,Yangon,Normal,Male,Sports and travel,64.19,10,32.095,673.995,1/19/2019,2:08:00 PM,Credit card,641.9,4.761904762,32.095,6.7
daa6edc612ae,Alex,Yangon,Normal,Male,Electronic accessories,78.31,3,11.7465,246.6765,3/5/2019,4:38:00 PM,Ewallet,234.93,4.761904762,11.7465,5.4
382b602015ce,Alex,Yangon,Member,Male,Food and beverages,83.77,2,8.377,175.917,1/15/2019,10:54:00 AM,Credit card,167.54,4.761904762,8.377,7.0
d64291d81fe3,Cairo,Mandalay,Normal,Male,Home and lifestyle,99.7,3,14.955,314.055,3/18/2019,11:29:00 AM,Ewallet,299.1,4.761904762,14.955,4.7
6ba92dd7a6bc,Cairo,Mandalay,Member,Male,Food and beverages,79.91,3,11.9865,251.7165,3/20/2019,7:28:00 PM,Credit card,239.73,4.761904762,11.9865,5.0
8b5a178d9c11,Cairo,Mandalay,Member,Male,Health and beauty,66.47,10,33.235,697.935,1/15/2019,3:01:00 PM,Credit card,664.7,4.761904762,33.235,5.0
0d9f84d2f19c,Alex,Yangon,Normal,Male,Health and beauty,28.95,7,10.1325,212.7825,3/3/2019,8:31:00 PM,Credit card,202.65,4.761904762,10.1325,6.0
090af9df5fe3,Giza,Naypyitaw,Normal,Female,Electronic accessories,46.2,1,2.31,48.51,3/19/2019,12:16:00 PM,Cash,46.2,4.761904762,2.31,6.3
7a086be38b40,Cairo,Mandalay,Member,Female,Food and beverages,17.63,5,4.4075,92.5575,3/8/2019,3:27:00 PM,Cash,88.15,4.761904762,4.4075,8.5
f4137386fb0b,Cairo,Mandalay,Normal,Male,Fashion accessories,52.42,3,7.863,165.123,2/27/2019,5:36:00 PM,Ewallet,157.26,4.761904762,7.863,7.5
ba8ca8d851ad,Cairo,Mandalay,Member,Female,Food and beverages,98.79,3,14.8185,311.1885,2/23/2019,8:00:00 PM,Ewallet,296.37,4.761904762,14.8185,6.4
2ec8a2ae6a67,Giza,Naypyitaw,Member,Female,Electronic accessories,88.55,8,35.42,743.82,3/19/2019,3:29:00 PM,Ewallet,708.4,4.761904762,35.42,4.7
31e7518af553,Cairo,Mandalay,Member,Male,Electronic accessories,55.67,2,5.567,116.907,3/27/2019,3:08:00 PM,Ewallet,111.34,4.761904762,5.567,6.0
f9fa21b5e1f7,Giza,Naypyitaw,Member,Female,Food and beverages,72.52,8,29.008,609.168,3/30/2019,7:26:00 PM,Credit card,580.16,4.761904762,29.008,4.0
cbd3d451c7dd,Giza,Naypyitaw,Member,Male,Electronic accessories,12.05,5,3.0125,63.2625,2/16/2019,3:53:00 PM,Ewallet,60.25,4.761904762,3.0125,5.5
4ba0856fa2e4,Alex,Yangon,Member,Male,Home and lifestyle,19.36,9,8.712,182.952,1/18/2019,6:43:00 PM,Ewallet,174.24,4.761904762,8.712,8.7
23c8c9aec408,Giza,Naypyitaw,Normal,Male,Health and beauty,70.21,6,21.063,442.323,3/30/2019,2:58:00 PM,Cash,421.26,4.761904762,21.063,7.4
8d439c1ff32e,Cairo,Mandalay,Member,Male,Fashion accessories,33.63,1,1.6815,35.3115,3/20/2019,7:55:00 PM,Cash,33.63,4.761904762,1.6815,5.6
1e83321cf1cc,Giza,Naypyitaw,Member,Female,Sports and travel,15.49,2,1.549,32.529,1/16/2019,3:10:00 PM,Cash,30.98,4.761904762,1.549,6.3
c1f15993b550,Giza,Naypyitaw,Normal,Male,Electronic accessories,24.74,10,12.37,259.77,2/24/2019,4:44:00 PM,Cash,247.4,4.761904762,12.37,7.1
16bfca162dd8,Cairo,Mandalay,Normal,Male,Electronic accessories,75.66,5,18.915,397.215,1/15/2019,6:22:00 PM,Ewallet,378.3,4.761904762,18.915,7.8
56b674fb7abc,Cairo,Mandalay,Normal,Female,Health and beauty,55.81,6,16.743,351.603,1/22/2019,11:52:00 AM,Cash,334.86,4.761904762,16.743,9.9
40a1ca268817,Alex,Yangon,Member,Male,Home and lifestyle,72.78,10,36.39,764.19,2/3/2019,5:24:00 PM,Cash,727.8,4.761904762,36.39,7.3
f51edad74823,Cairo,Mandalay,Member,Male,Sports and travel,37.32,9,16.794,352.674,3/6/2019,3:31:00 PM,Ewallet,335.88,4.761904762,16.794,5.1
f8229d394b66,Cairo,Mandalay,Member,Male,Fashion accessories,60.18,4,12.036,252.756,2/16/2019,6:04:00 PM,Credit card,240.72,4.761904762,12.036,9.4
328b1da648bc,Alex,Yangon,Normal,Female,Electronic accessories,15.69,3,2.3535,49.4235,3/14/2019,2:13:00 PM,Credit card,47.07,4.761904762,2.3535,5.8
0157c370159d,Giza,Naypyitaw,Normal,Female,Electronic accessories,99.69,1,4.9845,104.6745,2/27/2019,10:23:00 AM,Credit card,99.69,4.761904762,4.9845,8.0
3d115f978ba3,Alex,Yangon,Member,Female,Fashion accessories,88.15,3,13.2225,277.6725,1/18/2019,10:11:00 AM,Ewallet,264.45,4.761904762,13.2225,7.9
20c1db315fd6,Alex,Yangon,Member,Female,Sports and travel,27.93,5,6.9825,146.6325,1/29/2019,3:48:00 PM,Cash,139.65,4.761904762,6.9825,5.9
08244587a22e,Alex,Yangon,Member,Male,Fashion accessories,55.45,1,2.7725,58.2225,2/26/2019,5:46:00 PM,Credit card,55.45,4.761904762,2.7725,4.9
5e10e03432c4,Cairo,Mandalay,Normal,Female,Sports and travel,42.97,3,6.4455,135.3555,2/3/2019,11:46:00 AM,Cash,128.91,4.761904762,6.4455,9.3
7751dddb5dbf,Giza,Naypyitaw,Member,Male,Sports and travel,17.14,7,5.999,125.979,1/16/2019,12:07:00 PM,Credit card,119.98,4.761904762,5.999,7.9
62ca3c760900,Cairo,Mandalay,Member,Female,Fashion accessories,58.75,6,17.625,370.125,3/24/2019,6:14:00 PM,Credit card,352.5,4.761904762,17.625,5.9
7364f743c03b,Giza,Naypyitaw,Member,Female,Food and beverages,87.1,10,43.55,914.55,2/12/2019,2:45:00 PM,Credit card,871.0,4.761904762,43.55,9.9
806f132a16b3,Giza,Naypyitaw,Normal,Female,Sports and travel,98.8,2,9.88,207.48,2/21/2019,11:39:00 AM,Cash,197.6,4.761904762,9.88,7.7
49d8404dff88,Alex,Yangon,Normal,Female,Fashion accessories,48.63,4,9.726,204.246,2/4/2019,3:44:00 PM,Ewallet,194.52,4.761904762,9.726,7.6
2fca64ba53ec,Cairo,Mandalay,Member,Male,Food and beverages,57.74,3,8.661,181.881,2/20/2019,1:06:00 PM,Ewallet,173.22,4.761904762,8.661,7.7
664d16c70fd4,Cairo,Mandalay,Normal,Female,Health and beauty,17.97,4,3.594,75.474,2/23/2019,8:43:00 PM,Ewallet,71.88,4.761904762,3.594,6.4
17a55a3e7d66,Giza,Naypyitaw,Member,Female,Health and beauty,47.71,6,14.313,300.573,2/16/2019,2:19:00 PM,Ewallet,286.26,4.761904762,14.313,4.4
b848dd82a4e3,Cairo,Mandalay,Normal,Female,Sports and travel,40.62,2,4.062,85.302,1/17/2019,10:01:00 AM,Credit card,81.24,4.761904762,4.062,4.1
e92a8555178a,Alex,Yangon,Member,Male,Fashion accessories,56.04,10,28.02,588.42,1/14/2019,7:30:00 PM,Ewallet,560.4,4.761904762,28.02,4.4
b122323a82e2,Cairo,Mandalay,Member,Male,Food and beverages,93.4,2,9.34,196.14,3/30/2019,4:34:00 PM,Cash,186.8,4.761904762,9.34,5.5
a456eba54e04,Cairo,Mandalay,Normal,Female,Health and beauty,73.41,3,11.0115,231.2415,3/2/2019,1:10:00 PM,Ewallet,220.23,4.761904762,11.0115,4.0
b2143574fc34,Giza,Naypyitaw,Normal,Male,Health and beauty,33.64,8,13.456,282.576,2/15/2019,5:10:00 PM,Credit card,269.12,4.761904762,13.456,9.3
3a4eef656f98,Alex,Yangon,Normal,Female,Electronic accessories,45.48,10,22.74,477.54,3/1/2019,10:22:00 AM,Credit card,454.8,4.761904762,22.74,4.8
a18ae759e98d,Cairo,Mandalay,Member,Male,Fashion accessories,83.77,2,8.377,175.917,2/24/2019,7:57:00 PM,Cash,167.54,4.761904762,8.377,4.6
4d71aa2609e1,Cairo,Mandalay,Member,Female,Sports and travel,64.08,7,22.428,470.988,2/19/2019,7:29:00 PM,Credit card,448.56,4.761904762,22.428,7.3
32ac5c46b4fb,Alex,Yangon,Member,Female,Food and beverages,73.47,4,14.694,308.574,2/23/2019,6:30:00 PM,Cash,293.88,4.761904762,14.694,6.0
096dd35bbb70,Giza,Naypyitaw,Normal,Male,Health and beauty,58.95,10,29.475,618.975,2/7/2019,2:27:00 PM,Ewallet,589.5,4.761904762,29.475,8.1
aca370531920,Alex,Yangon,Member,Male,Food and beverages,48.5,6,14.55,305.55,1/11/2019,1:57:00 PM,Ewallet,291.0,4.761904762,14.55,9.4
36dfa4ca40cc,Cairo,Mandalay,Member,Female,Electronic accessories,39.48,1,1.974,41.454,2/12/2019,7:43:00 PM,Cash,39.48,4.761904762,1.974,6.5
7145fddfc746,Cairo,Mandalay,Normal,Female,Sports and travel,34.81,1,1.7405,36.5505,1/14/2019,10:11:00 AM,Credit card,34.81,4.761904762,1.7405,7.0
7ca5ebd61245,Giza,Naypyitaw,Normal,Female,Fashion accessories,49.32,6,14.796,310.716,1/9/2019,1:46:00 PM,Ewallet,295.92,4.761904762,14.796,7.1
3040cfa4e21b,Alex,Yangon,Member,Male,Fashion accessories,21.48,2,2.148,45.108,2/27/2019,12:22:00 PM,Ewallet,42.96,4.761904762,2.148,6.6
94211a74dd2d,Cairo,Mandalay,Member,Female,Sports and travel,23.08,6,6.924,145.404,1/24/2019,7:20:00 PM,Ewallet,138.48,4.761904762,6.924,4.9
e75c04199e2e,Cairo,Mandalay,Member,Female,Home and lifestyle,49.1,2,4.91,103.11,1/8/2019,12:58:00 PM,Credit card,98.2,4.761904762,4.91,6.4
3cac33c44e42,Cairo,Mandalay,Member,Female,Sports and travel,64.83,2,6.483,136.143,1/8/2019,11:59:00 AM,Credit card,129.66,4.761904762,6.483,8.0
4ab9f7e37a53,Alex,Yangon,Member,Male,Home and lifestyle,63.56,10,31.78,667.38,1/16/2019,5:59:00 PM,Cash,635.6,4.761904762,31.78,4.3
4c1b5d9c9fdb,Giza,Naypyitaw,Member,Male,Sports and travel,72.88,2,7.288,153.048,3/13/2019,12:51:00 PM,Cash,145.76,4.761904762,7.288,6.1
7ed80902b67c,Alex,Yangon,Normal,Female,Food and beverages,67.1,3,10.065,211.365,2/15/2019,10:36:00 AM,Cash,201.3,4.761904762,10.065,7.5
57f00f0b544f,Giza,Naypyitaw,Member,Female,Sports and travel,70.19,9,31.5855,663.2955,1/25/2019,1:38:00 PM,Cash,631.71,4.761904762,31.5855,6.7
bd12e2981fd1,Giza,Naypyitaw,Member,Male,Food and beverages,55.04,7,19.264,404.544,3/12/2019,7:39:00 PM,Ewallet,385.28,4.761904762,19.264,5.2
6e0f86f47633,Alex,Yangon,Member,Male,Health and beauty,48.63,10,24.315,510.615,3/4/2019,12:44:00 PM,Cash,486.3,4.761904762,24.315,8.8
ba7e41b15cc7,Giza,Naypyitaw,Member,Female,Fashion accessories,73.38,7,25.683,539.343,2/10/2019,1:56:00 PM,Cash,513.66,4.761904762,25.683,9.5
0b45feb30d93,Giza,Naypyitaw,Normal,Female,Food and beverages,52.6,9,23.67,497.07,1/16/2019,2:42:00 PM,Cash,473.4,4.761904762,23.67,7.6
a993bcc7525b,Alex,Yangon,Member,Female,Home and lifestyle,87.37,5,21.8425,458.6925,1/29/2019,7:45:00 PM,Cash,436.85,4.761904762,21.8425,6.6
2cc4c6fedfa5,Alex,Yangon,Member,Female,Sports and travel,27.04,4,5.408,113.568,1/1/2019,8:26:00 PM,Ewallet,108.16,4.761904762,5.408,6.9
94a7c259823c,Cairo,Mandalay,Normal,Male,Home and lifestyle,62.19,4,12.438,261.198,1/6/2019,7:46:00 PM,Ewallet,248.76,4.761904762,12.438,4.3
ab2183cec2ae,Alex,Yangon,Member,Male,Electronic accessories,69.58,9,31.311,657.531,2/19/2019,7:38:00 PM,Credit card,626.22,4.761904762,31.311,7.8
4c4ff800467e,Giza,Naypyitaw,Normal,Male,Home and lifestyle,97.5,10,48.75,1023.75,1/12/2019,4:18:00 PM,Ewallet,975.0,4.761904762,48.75,8.0
fdc7d004d9dd,Giza,Naypyitaw,Normal,Female,Fashion accessories,60.41,8,24.164,507.444,2/7/2019,12:23:00 PM,Ewallet,483.28,4.761904762,24.164,9.6
ce54720eaa82,Cairo,Mandalay,Normal,Male,Food and beverages,32.32,3,4.848,101.808,3/27/2019,7:11:00 PM,Credit card,96.96,4.761904762,4.848,4.3
6dfc87f9f324,Cairo,Mandalay,Member,Female,Fashion accessories,19.77,10,9.885,207.585,2/27/2019,6:57:00 PM,Credit card,197.7,4.761904762,9.885,5.0
399bcb8c7f83,Cairo,Mandalay,Member,Male,Health and beauty,80.47,9,36.2115,760.4415,1/6/2019,11:18:00 AM,Cash,724.23,4.761904762,36.2115,9.2
08666889d6aa,Cairo,Mandalay,Member,Female,Home and lifestyle,88.39,9,39.7755,835.2855,3/2/2019,12:40:00 PM,Cash,795.51,4.761904762,39.7755,6.3
4d2100719c70,Cairo,Mandalay,Normal,Male,Health and beauty,71.77,7,25.1195,527.5095,3/29/2019,2:06:00 PM,Cash,502.39,4.761904762,25.1195,8.9
60caa3a64ea0,Cairo,Mandalay,Normal,Female,Electronic accessories,43.0,4,8.6,180.6,1/31/2019,8:48:00 PM,Ewallet,172.0,4.761904762,8.6,7.6
22093f885983,Giza,Naypyitaw,Member,Male,Food and beverages,68.98,1,3.449,72.429,1/21/2019,8:13:00 PM,Cash,68.98,4.761904762,3.449,4.8
59a781902eb9,Giza,Naypyitaw,Normal,Male,Fashion accessories,15.62,8,6.248,131.208,1/20/2019,8:37:00 PM,Ewallet,124.96,4.761904762,6.248,9.1
73cb766fff5d,Alex,Yangon,Normal,Male,Sports and travel,25.7,3,3.855,80.955,1/17/2019,5:59:00 PM,Ewallet,77.1,4.761904762,3.855,6.1
7651fd9f3886,Alex,Yangon,Member,Male,Food and beverages,80.62,6,24.186,507.906,2/28/2019,8:18:00 PM,Cash,483.72,4.761904762,24.186,9.1
ffbba33c2d49,Giza,Naypyitaw,Member,Female,Home and lifestyle,75.53,4,15.106,317.226,3/19/2019,3:52:00 PM,Ewallet,302.12,4.761904762,15.106,8.3
250907d2e5ff,Giza,Naypyitaw,Normal,Female,Electronic accessories,77.63,9,34.9335,733.6035,2/19/2019,3:14:00 PM,Ewallet,698.67,4.761904762,34.9335,7.2
35a37b4c4236,Giza,Naypyitaw,Normal,Female,Health and beauty,13.85,9,6.2325,130.8825,2/4/2019,12:50:00 PM,Ewallet,124.65,4.761904762,6.2325,6.0
c68e3e1e090c,Giza,Naypyitaw,Member,Male,Fashion accessories,98.7,8,39.48,829.08,1/31/2019,10:36:00 AM,Ewallet,789.6,4.761904762,39.48,8.5
61e721fa1179,Alex,Yangon,Normal,Female,Health and beauty,35.68,5,8.92,187.32,2/6/2019,6:33:00 PM,Credit card,178.4,4.761904762,8.92,6.6
80a97fc35336,Alex,Yangon,Member,Female,Fashion accessories,71.46,7,25.011,525.231,3/28/2019,4:06:00 PM,Ewallet,500.22,4.761904762,25.011,4.5
68f1ef6dc2b8,Alex,Yangon,Member,Male,Electronic accessories,11.94,3,1.791,37.611,1/19/2019,12:47:00 PM,Credit card,35.82,4.761904762,1.791,8.1
2abf1516b816,Alex,Yangon,Normal,Male,Fashion accessories,45.38,3,6.807,142.947,2/17/2019,1:34:00 PM,Credit card,136.14,4.761904762,6.807,7.2
4246c5b2ffad,Cairo,Mandalay,Member,Female,Fashion accessories,17.48,6,5.244,110.124,1/18/2019,3:04:00 PM,Credit card,104.88,4.761904762,5.244,6.1
8a8477ad5a62,Cairo,Mandalay,Normal,Female,Fashion accessories,25.56,7,8.946,187.866,2/2/2019,8:42:00 PM,Cash,178.92,4.761904762,8.946,7.1
e453ef8fa19f,Giza,Naypyitaw,Member,Female,Sports and travel,90.63,9,40.7835,856.4535,1/18/2019,3:28:00 PM,Cash,815.67,4.761904762,40.7835,5.1
d6aed7bee574,Cairo,Mandalay,Normal,Male,Home and lifestyle,44.12,3,6.618,138.978,3/18/2019,1:45:00 PM,Credit card,132.36,4.761904762,6.618,7.9
f682e0dfa473,Giza,Naypyitaw,Member,Female,Food and beverages,36.77,7,12.8695,270.2595,1/11/2019,8:10:00 PM,Cash,257.39,4.761904762,12.8695,7.4
a87ab395ab2d,Cairo,Mandalay,Member,Male,Food and beverages,23.34,4,4.668,98.028,2/4/2019,6:53:00 PM,Ewallet,93.36,4.761904762,4.668,7.4
612c979d120f,Giza,Naypyitaw,Member,Female,Health and beauty,28.5,8,11.4,239.4,2/6/2019,2:24:00 PM,Cash,228.0,4.761904762,11.4,6.6
999205dfa3c8,Giza,Naypyitaw,Member,Male,Home and lifestyle,55.57,3,8.3355,175.0455,1/8/2019,11:42:00 AM,Credit card,166.71,4.761904762,8.3355,5.9
ca87ed4d2508,Cairo,Mandalay,Normal,Male,Sports and travel,69.74,10,34.87,732.27,3/5/2019,5:49:00 PM,Credit card,697.4,4.761904762,34.87,8.9
d547ab550efe,Giza,Naypyitaw,Normal,Male,Fashion accessories,97.26,4,19.452,408.492,3/16/2019,3:33:00 PM,Ewallet,389.04,4.761904762,19.452,6.8
70defdfc9d39,Cairo,Mandalay,Member,Female,Home and lifestyle,52.18,7,18.263,383.523,3/9/2019,10:54:00 AM,Cash,365.26,4.761904762,18.263,9.3
edc1915ed87e,Alex,Yangon,Member,Female,Fashion accessories,22.32,4,4.464,93.744,3/1/2019,4:23:00 PM,Credit card,89.28,4.761904762,4.464,4.4
37276456c3ac,Alex,Yangon,Normal,Male,Health and beauty,56.0,3,8.4,176.4,2/28/2019,7:33:00 PM,Ewallet,168.0,4.761904762,8.4,4.8
ff097c6f3623,Alex,Yangon,Member,Male,Fashion accessories,19.7,1,0.985,20.685,2/8/2019,11:39:00 AM,Ewallet,19.7,4.761904762,0.985,9.5
2dfa2e3ef843,Cairo,Mandalay,Normal,Male,Electronic accessories,75.88,7,26.558,557.718,1/24/2019,10:38:00 AM,Ewallet,531.16,4.761904762,26.558,8.9
ea2cb1ef363b,Cairo,Mandalay,Member,Male,Food and beverages,53.72,1,2.686,56.406,3/1/2019,8:03:00 PM,Ewallet,53.72,4.761904762,2.686,6.4
b3c592a5fa6f,Giza,Naypyitaw,Member,Male,Health and beauty,81.95,10,40.975,860.475,3/10/2019,12:39:00 PM,Credit card,819.5,4.761904762,40.975,6.0
a17213ce07e2,Giza,Naypyitaw,Member,Female,Home and lifestyle,81.2,7,28.42,596.82,3/23/2019,3:59:00 PM,Credit card,568.4,4.761904762,28.42,8.1
b502937dd6c1,Giza,Naypyitaw,Normal,Male,Electronic accessories,58.76,10,29.38,616.98,1/29/2019,2:26:00 PM,Ewallet,587.6,4.761904762,29.38,9.0
1c11bd368471,Cairo,Mandalay,Member,Male,Electronic accessories,91.56,8,36.624,769.104,1/12/2019,6:22:00 PM,Ewallet,732.48,4.761904762,36.624,6.0
a3054b39c3b7,Alex,Yangon,Normal,Male,Home and lifestyle,93.96,9,42.282,887.922,3/20/2019,11:32:00 AM,Cash,845.64,4.761904762,42.282,9.8
e8d9352ba8c3,Giza,Naypyitaw,Normal,Male,Home and lifestyle,55.61,7,19.4635,408.7335,3/23/2019,12:41:00 PM,Cash,389.27,4.761904762,19.4635,8.5
0d990148cd4d,Giza,Naypyitaw,Normal,Male,Food and beverages,84.83,1,4.2415,89.0715,1/14/2019,3:20:00 PM,Ewallet,84.83,4.761904762,4.2415,8.8
90bfc966c0ae,Alex,Yangon,Member,Female,Sports and travel,71.63,2,7.163,150.423,2/12/2019,2:33:00 PM,Ewallet,143.26,4.761904762,7.163,8.8
1d1527b682bd,Alex,Yangon,Member,Male,Home and lifestyle,37.69,2,3.769,79.149,2/20/2019,3:29:00 PM,Ewallet,75.38,4.761904762,3.769,9.5
066e5ca39257,Giza,Naypyitaw,Member,Female,Sports and travel,31.67,8,12.668,266.028,1/2/2019,4:19:00 PM,Credit card,253.36,4.761904762,12.668,5.6
584baf45221a,Giza,Naypyitaw,Member,Female,Food and beverages,38.42,1,1.921,40.341,2/2/2019,4:33:00 PM,Cash,38.42,4.761904762,1.921,8.6
e6c68f4601a2,Cairo,Mandalay,Member,Male,Fashion accessories,65.23,10,32.615,684.915,1/8/2019,7:07:00 PM,Credit card,652.3,4.761904762,32.615,5.2
3673d3cdeffb,Giza,Naypyitaw,Member,Female,Home and lifestyle,10.53,5,2.6325,55.2825,1/30/2019,2:43:00 PM,Credit card,52.65,4.761904762,2.6325,5.8
5cb0a0490372,Cairo,Mandalay,Member,Female,Home and lifestyle,12.29,9,5.5305,116.1405,3/26/2019,7:28:00 PM,Credit card,110.61,4.761904762,5.5305,8.0
3279c198b577,Giza,Naypyitaw,Member,Male,Health and beauty,81.23,7,28.4305,597.0405,1/15/2019,8:44:00 PM,Cash,568.61,4.761904762,28.4305,9.0
2981a76be1bc,Cairo,Mandalay,Member,Female,Fashion accessories,22.32,4,4.464,93.744,3/14/2019,11:16:00 AM,Ewallet,89.28,4.761904762,4.464,4.1
e96ce7526406,Alex,Yangon,Normal,Female,Food and beverages,27.28,5,6.82,143.22,2/3/2019,10:31:00 AM,Credit card,136.4,4.761904762,6.82,8.6
d99843ea83e0,Alex,Yangon,Member,Female,Electronic accessories,17.42,10,8.71,182.91,2/22/2019,12:30:00 PM,Ewallet,174.2,4.761904762,8.71,7.0
eea05f122dba,Cairo,Mandalay,Normal,Male,Home and lifestyle,73.28,5,18.32,384.72,1/24/2019,3:05:00 PM,Ewallet,366.4,4.761904762,18.32,8.4
851ab1c87dfd,Giza,Naypyitaw,Member,Female,Fashion accessories,84.87,3,12.7305,267.3405,1/25/2019,6:30:00 PM,Ewallet,254.61,4.761904762,12.7305,7.4
0470017cd674,Alex,Yangon,Normal,Female,Fashion accessories,97.29,8,38.916,817.236,3/9/2019,1:18:00 PM,Credit card,778.32,4.761904762,38.916,6.2
5f4a372d2769,Cairo,Mandalay,Member,Female,Electronic accessories,35.74,8,14.296,300.216,2/17/2019,3:28:00 PM,Ewallet,285.92,4.761904762,14.296,4.9
01ad0411cb44,Alex,Yangon,Normal,Female,Home and lifestyle,96.52,6,28.956,608.076,1/11/2019,11:52:00 AM,Cash,579.12,4.761904762,28.956,4.5
eeccdb0521fe,Alex,Yangon,Member,Male,Food and beverages,18.85,10,9.425,197.925,2/27/2019,6:24:00 PM,Ewallet,188.5,4.761904762,9.425,5.6
876060aca612,Alex,Yangon,Normal,Female,Food and beverages,55.39,4,11.078,232.638,3/25/2019,3:19:00 PM,Ewallet,221.56,4.761904762,11.078,8.0
1b010c96a116,Cairo,Mandalay,Member,Female,Food and beverages,77.2,10,38.6,810.6,2/11/2019,10:38:00 AM,Credit card,772.0,4.761904762,38.6,5.6
5ba98009826f,Cairo,Mandalay,Normal,Male,Electronic accessories,72.13,10,36.065,757.365,1/31/2019,3:12:00 PM,Credit card,721.3,4.761904762,36.065,4.2
bcc157ae037c,Alex,Yangon,Member,Female,Fashion accessories,63.88,8,25.552,536.592,1/20/2019,5:48:00 PM,Ewallet,511.04,4.761904762,25.552,9.9
35bff6cc213e,Alex,Yangon,Member,Female,Health and beauty,10.69,5,2.6725,56.1225,3/26/2019,11:07:00 AM,Ewallet,53.45,4.761904762,2.6725,7.6
caa354453e76,Alex,Yangon,Member,Male,Health and beauty,55.5,4,11.1,233.1,1/20/2019,3:48:00 PM,Credit card,222.0,4.761904762,11.1,6.6
5cd4c24e1a0e,Cairo,Mandalay,Normal,Female,Home and lifestyle,95.46,8,38.184,801.864,3/5/2019,7:40:00 PM,Ewallet,763.68,4.761904762,38.184,4.7
b06ff165360a,Giza,Naypyitaw,Normal,Female,Fashion accessories,76.06,3,11.409,239.589,1/5/2019,8:30:00 PM,Credit card,228.18,4.761904762,11.409,9.8
dc1bfef650a4,Cairo,Mandalay,Normal,Male,Sports and travel,13.69,6,4.107,86.247,2/13/2019,1:59:00 PM,Cash,82.14,4.761904762,4.107,6.3
d10fa04ba8b3,Cairo,Mandalay,Normal,Female,Electronic accessories,95.64,4,19.128,401.688,3/16/2019,6:51:00 PM,Cash,382.56,4.761904762,19.128,7.9
6d1744cca926,Alex,Yangon,Normal,Female,Home and lifestyle,11.43,6,3.429,72.009,1/15/2019,5:24:00 PM,Cash,68.58,4.761904762,3.429,7.7
94f38b64ab94,Cairo,Mandalay,Member,Female,Sports and travel,95.54,4,19.108,401.268,2/26/2019,11:58:00 AM,Ewallet,382.16,4.761904762,19.108,4.5
d3d0ce051fe1,Giza,Naypyitaw,Member,Female,Health and beauty,85.87,7,30.0545,631.1445,2/27/2019,7:01:00 PM,Credit card,601.09,4.761904762,30.0545,8.0
a7c98a244168,Giza,Naypyitaw,Member,Female,Sports and travel,67.99,7,23.7965,499.7265,2/17/2019,4:50:00 PM,Ewallet,475.93,4.761904762,23.7965,5.7
19f5369d31cc,Giza,Naypyitaw,Normal,Female,Food and beverages,52.42,1,2.621,55.041,2/6/2019,10:22:00 AM,Credit card,52.42,4.761904762,2.621,6.3
711d252be587,Giza,Naypyitaw,Member,Male,Food and beverages,65.65,2,6.565,137.865,1/17/2019,4:46:00 PM,Cash,131.3,4.761904762,6.565,6.0
f9dbd3b2a183,Cairo,Mandalay,Normal,Female,Food and beverages,28.86,5,7.215,151.515,1/22/2019,6:08:00 PM,Credit card,144.3,4.761904762,7.215,8.0
1f49bf8df1ba,Giza,Naypyitaw,Member,Male,Health and beauty,65.31,7,22.8585,480.0285,3/5/2019,6:02:00 PM,Credit card,457.17,4.761904762,22.8585,4.2
c7314427d535,Cairo,Mandalay,Normal,Male,Sports and travel,93.38,1,4.669,98.049,1/3/2019,1:07:00 PM,Cash,93.38,4.761904762,4.669,9.6
1f3369644c53,Giza,Naypyitaw,Member,Male,Sports and travel,25.25,5,6.3125,132.5625,3/20/2019,5:52:00 PM,Cash,126.25,4.761904762,6.3125,6.1
e116c75bfce5,Cairo,Mandalay,Member,Male,Electronic accessories,87.87,9,39.5415,830.3715,1/31/2019,8:32:00 PM,Ewallet,790.83,4.761904762,39.5415,5.6
de6e4cff3e94,Giza,Naypyitaw,Normal,Male,Health and beauty,21.8,8,8.72,183.12,2/19/2019,7:24:00 PM,Cash,174.4,4.761904762,8.72,8.3
16d757d8dff8,Alex,Yangon,Normal,Female,Sports and travel,94.76,4,18.952,397.992,2/11/2019,4:06:00 PM,Ewallet,379.04,4.761904762,18.952,7.8
94f4536805d6,Alex,Yangon,Member,Female,Fashion accessories,30.62,1,1.531,32.151,2/5/2019,2:14:00 PM,Credit card,30.62,4.761904762,1.531,4.1
cf3a550df1c4,Giza,Naypyitaw,Normal,Female,Home and lifestyle,44.01,8,17.604,369.684,3/3/2019,5:36:00 PM,Cash,352.08,4.761904762,17.604,8.8
1e276ebb2315,Giza,Naypyitaw,Member,Female,Health and beauty,10.16,5,2.54,53.34,2/24/2019,1:08:00 PM,Ewallet,50.8,4.761904762,2.54,4.1
2a4b7511b682,Alex,Yangon,Normal,Male,Electronic accessories,74.58,7,26.103,548.163,2/4/2019,4:09:00 PM,Credit card,522.06,4.761904762,26.103,9.0
b0b11e87c8a5,Giza,Naypyitaw,Normal,Male,Electronic accessories,71.89,8,28.756,603.876,2/19/2019,11:33:00 AM,Ewallet,575.12,4.761904762,28.756,5.5
7d9bc92068fd,Giza,Naypyitaw,Normal,Female,Health and beauty,10.99,5,2.7475,57.6975,1/23/2019,10:18:00 AM,Credit card,54.95,4.761904762,2.7475,9.3
b08d5dd04df5,Giza,Naypyitaw,Member,Male,Health and beauty,60.47,3,9.0705,190.4805,1/14/2019,10:55:00 AM,Credit card,181.41,4.761904762,9.0705,5.6
cc52f7fa7641,Alex,Yangon,Normal,Male,Sports and travel,58.91,7,20.6185,432.9885,1/17/2019,3:15:00 PM,Ewallet,412.37,4.761904762,20.6185,9.7
5c2588b408d6,Alex,Yangon,Normal,Male,Fashion accessories,46.41,1,2.3205,48.7305,3/3/2019,8:06:00 PM,Credit card,46.41,4.761904762,2.3205,4.0
bd17ff6ecacf,Giza,Naypyitaw,Member,Male,Health and beauty,68.55,4,13.71,287.91,2/15/2019,8:21:00 PM,Credit card,274.2,4.761904762,13.71,9.2
72d51016f209,Cairo,Mandalay,Normal,Female,Home and lifestyle,97.37,10,48.685,1022.385,1/15/2019,1:48:00 PM,Credit card,973.7,4.761904762,48.685,4.9
dcbe90b09e5c,Alex,Yangon,Member,Male,Electronic accessories,92.6,7,32.41,680.61,2/27/2019,12:52:00 PM,Credit card,648.2,4.761904762,32.41,9.3
202aed68162a,Alex,Yangon,Normal,Female,Electronic accessories,46.61,2,4.661,97.881,2/26/2019,12:28:00 PM,Credit card,93.22,4.761904762,4.661,6.6
0f2ad825f65d,Cairo,Mandalay,Normal,Male,Fashion accessories,27.18,2,2.718,57.078,3/15/2019,4:26:00 PM,Ewallet,54.36,4.761904762,2.718,4.3
5163e87e1fad,Giza,Naypyitaw,Member,Female,Home and lifestyle,60.87,1,3.0435,63.9135,1/24/2019,1:24:00 PM,Cash,60.87,4.761904762,3.0435,5.5
0daa14534cf4,Alex,Yangon,Member,Female,Sports and travel,24.49,10,12.245,257.145,2/22/2019,3:15:00 PM,Cash,244.9,4.761904762,12.245,8.1
f791c27db110,Cairo,Mandalay,Normal,Male,Health and beauty,92.78,1,4.639,97.419,3/15/2019,10:50:00 AM,Credit card,92.78,4.761904762,4.639,9.8
69ad81edf29c,Giza,Naypyitaw,Member,Male,Home and lifestyle,86.69,5,21.6725,455.1225,2/11/2019,6:38:00 PM,Ewallet,433.45,4.761904762,21.6725,9.4
f427c0fba889,Cairo,Mandalay,Normal,Male,Sports and travel,23.01,6,6.903,144.963,1/12/2019,4:45:00 PM,Ewallet,138.06,4.761904762,6.903,7.9
456cd9637e23,Giza,Naypyitaw,Member,Female,Electronic accessories,30.2,8,12.08,253.68,3/3/2019,7:30:00 PM,Ewallet,241.6,4.761904762,12.08,5.1
c4ee00f2a33d,Giza,Naypyitaw,Member,Male,Fashion accessories,67.39,7,23.5865,495.3165,3/23/2019,1:23:00 PM,Ewallet,471.73,4.761904762,23.5865,6.9
54c24821dee1,Alex,Yangon,Member,Female,Fashion accessories,48.96,9,22.032,462.672,3/4/2019,11:27:00 AM,Cash,440.64,4.761904762,22.032,8.0
648211fa1025,Cairo,Mandalay,Member,Female,Electronic accessories,75.59,9,34.0155,714.3255,2/23/2019,11:12:00 AM,Cash,680.31,4.761904762,34.0155,8.0
02a6a26597be,Alex,Yangon,Normal,Female,Home and lifestyle,77.47,4,15.494,325.374,3/17/2019,4:36:00 PM,Cash,309.88,4.761904762,15.494,4.2
5b449724c4d6,Alex,Yangon,Normal,Female,Sports and travel,93.18,2,9.318,195.678,1/16/2019,6:41:00 PM,Credit card,186.36,4.761904762,9.318,8.5
75bf0bdf3f5a,Alex,Yangon,Normal,Female,Electronic accessories,50.23,4,10.046,210.966,1/8/2019,5:12:00 PM,Cash,200.92,4.761904762,10.046,9.0
25c5636f98af,Cairo,Mandalay,Normal,Female,Health and beauty,17.75,1,0.8875,18.6375,1/14/2019,10:38:00 AM,Cash,17.75,4.761904762,0.8875,8.6
e7b4a624bf48,Giza,Naypyitaw,Normal,Female,Fashion accessories,62.18,10,31.09,652.89,1/31/2019,10:33:00 AM,Ewallet,621.8,4.761904762,31.09,6.0
3722276108db,Cairo,Mandalay,Normal,Male,Health and beauty,10.75,8,4.3,90.3,3/15/2019,2:38:00 PM,Ewallet,86.0,4.761904762,4.3,6.2
22a916744468,Alex,Yangon,Normal,Female,Electronic accessories,40.26,10,20.13,422.73,2/24/2019,6:06:00 PM,Credit card,402.6,4.761904762,20.13,5.0
b37bcc90a5b4,Giza,Naypyitaw,Member,Female,Sports and travel,64.97,5,16.2425,341.0925,2/8/2019,12:52:00 PM,Credit card,324.85,4.761904762,16.2425,6.5
d05f37f37633,Alex,Yangon,Normal,Male,Electronic accessories,95.15,1,4.7575,99.9075,3/22/2019,2:00:00 PM,Cash,95.15,4.761904762,4.7575,6.0
d012792c037a,Alex,Yangon,Member,Female,Electronic accessories,48.62,8,19.448,408.408,1/24/2019,10:57:00 AM,Cash,388.96,4.761904762,19.448,5.0
139d2a4c1aab,Cairo,Mandalay,Normal,Female,Food and beverages,53.21,8,21.284,446.964,3/14/2019,4:45:00 PM,Ewallet,425.68,4.761904762,21.284,5.0
7fdc66b9042c,Giza,Naypyitaw,Normal,Female,Fashion accessories,45.44,7,15.904,333.984,1/23/2019,11:15:00 AM,Cash,318.08,4.761904762,15.904,9.2
ad9b3965a697,Alex,Yangon,Normal,Male,Food and beverages,33.88,8,13.552,284.592,1/19/2019,8:29:00 PM,Ewallet,271.04,4.761904762,13.552,9.6
11ff088f7ebb,Cairo,Mandalay,Member,Male,Health and beauty,96.16,4,19.232,403.872,1/27/2019,8:03:00 PM,Credit card,384.64,4.761904762,19.232,8.4
ad3ecf156fa5,Cairo,Mandalay,Member,Male,Food and beverages,47.16,5,11.79,247.59,2/3/2019,2:35:00 PM,Credit card,235.8,4.761904762,11.79,6.0
e73c9ca6fa44,Cairo,Mandalay,Normal,Male,Electronic accessories,52.89,4,10.578,222.138,3/25/2019,4:32:00 PM,Ewallet,211.56,4.761904762,10.578,6.7
263e48a90b41,Alex,Yangon,Member,Female,Home and lifestyle,47.68,2,4.768,100.128,2/24/2019,10:10:00 AM,Credit card,95.36,4.761904762,4.768,4.1
055c4464d49f,Giza,Naypyitaw,Member,Male,Sports and travel,10.17,1,0.5085,10.6785,2/7/2019,2:15:00 PM,Cash,10.17,4.761904762,0.5085,5.9
d609b4b6536e,Alex,Yangon,Normal,Female,Health and beauty,68.71,3,10.3065,216.4365,3/4/2019,10:05:00 AM,Cash,206.13,4.761904762,10.3065,8.7
1b1fe8e0ce06,Cairo,Mandalay,Member,Female,Sports and travel,60.08,7,21.028,441.588,2/14/2019,11:36:00 AM,Credit card,420.56,4.761904762,21.028,4.5
65b174916437,Alex,Yangon,Member,Female,Sports and travel,22.01,4,4.402,92.442,1/29/2019,6:15:00 PM,Credit card,88.04,4.761904762,4.402,6.6
95dc95ec8826,Cairo,Mandalay,Member,Female,Health and beauty,72.11,9,32.4495,681.4395,1/28/2019,1:53:00 PM,Credit card,648.99,4.761904762,32.4495,7.7
adaddf6c0e09,Alex,Yangon,Member,Male,Fashion accessories,41.28,3,6.192,130.032,3/26/2019,6:37:00 PM,Credit card,123.84,4.761904762,6.192,8.5
11d4d8efaff0,Giza,Naypyitaw,Normal,Male,Electronic accessories,64.95,10,32.475,681.975,3/24/2019,6:27:00 PM,Cash,649.5,4.761904762,32.475,5.2
ab0c416affb2,Alex,Yangon,Member,Female,Electronic accessories,74.22,10,37.11,779.31,1/1/2019,2:42:00 PM,Credit card,742.2,4.761904762,37.11,4.3
adbe857395c2,Alex,Yangon,Normal,Male,Electronic accessories,10.56,8,4.224,88.704,1/24/2019,5:43:00 PM,Cash,84.48,4.761904762,4.224,7.6
894630903f66,Cairo,Mandalay,Normal,Male,Health and beauty,62.57,4,12.514,262.794,2/25/2019,6:37:00 PM,Cash,250.28,4.761904762,12.514,9.5
0a35b8b0a069,Cairo,Mandalay,Member,Female,Sports and travel,11.85,8,4.74,99.54,1/9/2019,4:34:00 PM,Cash,94.8,4.761904762,4.74,4.1
aeb657d3461b,Alex,Yangon,Member,Male,Health and beauty,91.3,1,4.565,95.865,2/14/2019,2:42:00 PM,Ewallet,91.3,4.761904762,4.565,9.2
6de85e9dd27c,Cairo,Mandalay,Member,Female,Home and lifestyle,40.73,7,14.2555,299.3655,3/12/2019,11:01:00 AM,Ewallet,285.11,4.761904762,14.2555,5.4
21eeb2671be5,Alex,Yangon,Normal,Male,Fashion accessories,52.38,1,2.619,54.999,3/26/2019,7:44:00 PM,Cash,52.38,4.761904762,2.619,5.8
77b92a09de2a,Alex,Yangon,Member,Male,Fashion accessories,38.54,5,9.635,202.335,1/9/2019,1:34:00 PM,Ewallet,192.7,4.761904762,9.635,5.6
7f093ba242d0,Cairo,Mandalay,Normal,Male,Sports and travel,44.63,6,13.389,281.169,1/2/2019,8:08:00 PM,Credit card,267.78,4.761904762,13.389,5.1
0834c8f8b5b8,Giza,Naypyitaw,Normal,Male,Electronic accessories,55.87,10,27.935,586.635,1/15/2019,3:01:00 PM,Cash,558.7,4.761904762,27.935,5.8
a1bb899a413b,Giza,Naypyitaw,Member,Female,Sports and travel,29.22,6,8.766,184.086,1/1/2019,11:40:00 AM,Ewallet,175.32,4.761904762,8.766,5.0
ef46f8a13d5d,Alex,Yangon,Normal,Male,Fashion accessories,51.94,3,7.791,163.611,2/15/2019,3:21:00 PM,Cash,155.82,4.761904762,7.791,7.9
58fcaec3f0c5,Cairo,Mandalay,Normal,Male,Electronic accessories,60.3,1,3.015,63.315,2/28/2019,5:38:00 PM,Cash,60.3,4.761904762,3.015,6.0
0c37320dee3f,Alex,Yangon,Member,Female,Sports and travel,39.47,2,3.947,82.887,3/2/2019,4:16:00 PM,Credit card,78.94,4.761904762,3.947,5.0
adb6767184ab,Giza,Naypyitaw,Member,Female,Food and beverages,14.87,2,1.487,31.227,2/13/2019,6:15:00 PM,Credit card,29.74,4.761904762,1.487,8.9
8f1a90dd2ac5,Alex,Yangon,Normal,Male,Fashion accessories,21.32,1,1.066,22.386,1/26/2019,12:43:00 PM,Cash,21.32,4.761904762,1.066,5.9
97c037671690,Alex,Yangon,Member,Male,Electronic accessories,93.78,3,14.067,295.407,1/30/2019,11:32:00 AM,Credit card,281.34,4.761904762,14.067,5.9
89b576e5154f,Alex,Yangon,Member,Male,Electronic accessories,73.26,1,3.663,76.923,1/27/2019,6:08:00 PM,Ewallet,73.26,4.761904762,3.663,9.7
2b586b9f3713,Giza,Naypyitaw,Normal,Female,Sports and travel,22.38,1,1.119,23.499,1/30/2019,5:08:00 PM,Credit card,22.38,4.761904762,1.119,8.6
fa5f6f000d33,Giza,Naypyitaw,Member,Female,Food and beverages,72.88,9,32.796,688.716,1/8/2019,7:38:00 PM,Cash,655.92,4.761904762,32.796,4.0
815b71df8659,Alex,Yangon,Normal,Female,Fashion accessories,99.1,6,29.73,624.33,1/19/2019,1:11:00 PM,Cash,594.6,4.761904762,29.73,4.2
5c3a1a9a31d0,Alex,Yangon,Normal,Male,Fashion accessories,74.1,1,3.705,77.805,1/25/2019,11:05:00 AM,Cash,74.1,4.761904762,3.705,9.2
3d4470a754f4,Alex,Yangon,Normal,Female,Fashion accessories,98.48,2,9.848,206.808,2/19/2019,10:12:00 AM,Ewallet,196.96,4.761904762,9.848,9.2
a8ef161cc385,Giza,Naypyitaw,Normal,Male,Health and beauty,53.19,7,18.6165,390.9465,1/14/2019,3:42:00 PM,Ewallet,372.33,4.761904762,18.6165,5.0
92325ebe6930,Cairo,Mandalay,Normal,Female,Electronic accessories,52.79,10,26.395,554.295,2/25/2019,11:58:00 AM,Ewallet,527.9,4.761904762,26.395,10.0
9d0fd2f31cd2,Alex,Yangon,Member,Female,Health and beauty,95.95,5,23.9875,503.7375,1/23/2019,2:21:00 PM,Ewallet,479.75,4.761904762,23.9875,8.8
f9d90b4cc2fc,Cairo,Mandalay,Normal,Female,Fashion accessories,36.51,9,16.4295,345.0195,2/16/2019,10:52:00 AM,Cash,328.59,4.761904762,16.4295,4.2
7128279a905c,Cairo,Mandalay,Normal,Male,Food and beverages,21.12,8,8.448,177.408,1/1/2019,7:31:00 PM,Cash,168.96,4.761904762,8.448,6.3
929653a75465,Alex,Yangon,Member,Female,Home and lifestyle,28.31,4,5.662,118.902,3/7/2019,6:35:00 PM,Cash,113.24,4.761904762,5.662,8.2
12592ed3177a,Cairo,Mandalay,Normal,Male,Health and beauty,57.59,6,17.277,362.817,2/15/2019,1:51:00 PM,Cash,345.54,4.761904762,17.277,5.1
4f5c654d96a6,Alex,Yangon,Member,Female,Food and beverages,47.63,9,21.4335,450.1035,1/23/2019,12:35:00 PM,Cash,428.67,4.761904762,21.4335,5.0
b34668a681e7,Giza,Naypyitaw,Member,Female,Home and lifestyle,86.27,1,4.3135,90.5835,2/20/2019,1:24:00 PM,Ewallet,86.27,4.761904762,4.3135,7.0
be0a1846ba5e,Alex,Yangon,Member,Male,Sports and travel,12.76,2,1.276,26.796,1/8/2019,6:06:00 PM,Ewallet,25.52,4.761904762,1.276,7.8
6be1efb4c086,Cairo,Mandalay,Normal,Female,Home and lifestyle,11.28,9,5.076,106.596,3/17/2019,11:55:00 AM,Credit card,101.52,4.761904762,5.076,4.3
887e2887d9f8,Cairo,Mandalay,Normal,Female,Home and lifestyle,51.07,7,17.8745,375.3645,1/12/2019,11:42:00 AM,Cash,357.49,4.761904762,17.8745,7.0
ebe8b89b1066,Alex,Yangon,Member,Female,Electronic accessories,79.59,3,11.9385,250.7085,1/8/2019,2:30:00 PM,Cash,238.77,4.761904762,11.9385,6.6
7ac90effc9f2,Giza,Naypyitaw,Member,Male,Health and beauty,33.81,3,5.0715,106.5015,1/26/2019,3:11:00 PM,Ewallet,101.43,4.761904762,5.0715,7.3
ad88d9db98b0,Cairo,Mandalay,Member,Male,Sports and travel,90.53,8,36.212,760.452,3/15/2019,2:48:00 PM,Credit card,724.24,4.761904762,36.212,6.5
a411c0e15a63,Giza,Naypyitaw,Member,Female,Health and beauty,62.82,2,6.282,131.922,1/17/2019,12:36:00 PM,Ewallet,125.64,4.761904762,6.282,4.9
6feb2a138ab7,Giza,Naypyitaw,Member,Male,Food and beverages,24.31,3,3.6465,76.5765,1/8/2019,7:09:00 PM,Credit card,72.93,4.761904762,3.6465,4.3
515d263f9369,Alex,Yangon,Normal,Male,Sports and travel,64.59,4,12.918,271.278,1/6/2019,1:35:00 PM,Ewallet,258.36,4.761904762,12.918,9.3
f3c182986bb6,Alex,Yangon,Member,Male,Food and beverages,24.82,7,8.687,182.427,2/16/2019,10:33:00 AM,Credit card,173.74,4.761904762,8.687,7.1
fd72c940ebfd,Giza,Naypyitaw,Normal,Male,Fashion accessories,56.5,1,2.825,59.325,3/13/2019,3:45:00 PM,Ewallet,56.5,4.761904762,2.825,9.6
40f7d0e48ace,Cairo,Mandalay,Member,Female,Electronic accessories,21.43,10,10.715,225.015,1/28/2019,11:51:00 AM,Cash,214.3,4.761904762,10.715,6.2
bef293695dcb,Alex,Yangon,Member,Male,Sports and travel,89.06,6,26.718,561.078,1/18/2019,5:26:00 PM,Cash,534.36,4.761904762,26.718,9.9
78b85d189f0f,Alex,Yangon,Member,Male,Home and lifestyle,23.29,4,4.658,97.818,3/19/2019,11:52:00 AM,Credit card,93.16,4.761904762,4.658,5.9
79c297480fb2,Giza,Naypyitaw,Normal,Male,Home and lifestyle,65.26,8,26.104,548.184,3/15/2019,2:04:00 PM,Ewallet,522.08,4.761904762,26.104,6.3
7c870b456fad,Giza,Naypyitaw,Member,Male,Fashion accessories,52.35,1,2.6175,54.9675,2/12/2019,5:49:00 PM,Cash,52.35,4.761904762,2.6175,4.0
9d538031d40d,Cairo,Mandalay,Member,Male,Electronic accessories,39.75,1,1.9875,41.7375,2/25/2019,8:19:00 PM,Cash,39.75,4.761904762,1.9875,6.1
bb7d7984e1fd,Alex,Yangon,Normal,Female,Electronic accessories,90.02,8,36.008,756.168,3/21/2019,4:08:00 PM,Credit card,720.16,4.761904762,36.008,4.5
0674a8c2a125,Cairo,Mandalay,Member,Female,Electronic accessories,12.1,8,4.84,101.64,1/19/2019,10:17:00 AM,Ewallet,96.8,4.761904762,4.84,8.6
b8c65a0a0e5c,Cairo,Mandalay,Member,Female,Food and beverages,33.21,10,16.605,348.705,1/8/2019,2:25:00 PM,Ewallet,332.1,4.761904762,16.605,6.0
af0d40cf5143,Giza,Naypyitaw,Member,Female,Fashion accessories,10.18,8,4.072,85.512,3/30/2019,12:51:00 PM,Credit card,81.44,4.761904762,4.072,9.5
3cb600543bb2,Cairo,Mandalay,Member,Male,Sports and travel,31.99,10,15.995,335.895,2/20/2019,3:18:00 PM,Credit card,319.9,4.761904762,15.995,9.9
587109435145,Alex,Yangon,Member,Female,Home and lifestyle,34.42,6,10.326,216.846,3/30/2019,12:45:00 PM,Ewallet,206.52,4.761904762,10.326,7.5
da0a64b6a163,Alex,Yangon,Member,Female,Food and beverages,83.34,2,8.334,175.014,3/19/2019,1:37:00 PM,Cash,166.68,4.761904762,8.334,7.6
584aa432eb27,Alex,Yangon,Normal,Male,Sports and travel,45.58,7,15.953,335.013,1/13/2019,10:03:00 AM,Cash,319.06,4.761904762,15.953,5.0
875c07c16e06,Alex,Yangon,Member,Male,Food and beverages,87.9,1,4.395,92.295,2/5/2019,7:42:00 PM,Ewallet,87.9,4.761904762,4.395,6.7
d920aa2f96f9,Alex,Yangon,Member,Female,Electronic accessories,73.47,10,36.735,771.435,3/23/2019,1:14:00 PM,Ewallet,734.7,4.761904762,36.735,9.5
99302d97afb2,Giza,Naypyitaw,Normal,Female,Fashion accessories,12.19,8,4.876,102.396,3/13/2019,12:47:00 PM,Ewallet,97.52,4.761904762,4.876,6.8
db98a0b33dad,Alex,Yangon,Member,Male,Sports and travel,76.92,10,38.46,807.66,3/17/2019,7:53:00 PM,Ewallet,769.2,4.761904762,38.46,5.6
b38554eeb47c,Giza,Naypyitaw,Normal,Female,Health and beauty,83.66,5,20.915,439.215,2/21/2019,10:26:00 AM,Cash,418.3,4.761904762,20.915,7.2
6c58c88b8b2d,Cairo,Mandalay,Normal,Female,Electronic accessories,57.91,8,23.164,486.444,2/7/2019,3:06:00 PM,Cash,463.28,4.761904762,23.164,8.1
c6844099a021,Giza,Naypyitaw,Member,Female,Fashion accessories,92.49,5,23.1225,485.5725,3/2/2019,4:35:00 PM,Credit card,462.45,4.761904762,23.1225,8.6
3ab57db501f6,Cairo,Mandalay,Normal,Male,Electronic accessories,28.38,5,7.095,148.995,3/6/2019,8:57:00 PM,Cash,141.9,4.761904762,7.095,9.4
4d6421ad0938,Cairo,Mandalay,Member,Male,Electronic accessories,50.45,6,15.135,317.835,2/6/2019,3:16:00 PM,Credit card,302.7,4.761904762,15.135,8.9
b1079473395f,Cairo,Mandalay,Normal,Male,Health and beauty,99.16,8,39.664,832.944,1/28/2019,5:47:00 PM,Credit card,793.28,4.761904762,39.664,4.2
b9ab77553646,Giza,Naypyitaw,Normal,Male,Fashion accessories,60.74,7,21.259,446.439,1/18/2019,4:23:00 PM,Ewallet,425.18,4.761904762,21.259,5.0
754794ec63c0,Giza,Naypyitaw,Member,Female,Food and beverages,47.27,6,14.181,297.801,2/5/2019,10:17:00 AM,Cash,283.62,4.761904762,14.181,8.8
f927161aa966,Giza,Naypyitaw,Member,Male,Health and beauty,85.6,7,29.96,629.16,3/2/2019,1:50:00 PM,Cash,599.2,4.761904762,29.96,5.3
98aec4d9de22,Alex,Yangon,Member,Male,Food and beverages,35.04,9,15.768,331.128,2/9/2019,7:17:00 PM,Ewallet,315.36,4.761904762,15.768,4.6
63843d4c9a64,Giza,Naypyitaw,Member,Female,Electronic accessories,44.84,9,20.178,423.738,1/14/2019,2:00:00 PM,Credit card,403.56,4.761904762,20.178,7.5
84eba609bed4,Cairo,Mandalay,Normal,Male,Home and lifestyle,45.97,4,9.194,193.074,2/9/2019,12:02:00 PM,Ewallet,183.88,4.761904762,9.194,5.1
42eb633d54fd,Alex,Yangon,Member,Female,Health and beauty,27.73,5,6.9325,145.5825,3/26/2019,8:21:00 PM,Credit card,138.65,4.761904762,6.9325,4.2
87685ad03666,Alex,Yangon,Normal,Male,Food and beverages,11.53,7,4.0355,84.7455,1/28/2019,5:35:00 PM,Cash,80.71,4.761904762,4.0355,8.1
3a2984e9ad2e,Giza,Naypyitaw,Normal,Female,Health and beauty,58.32,2,5.832,122.472,2/14/2019,12:42:00 PM,Ewallet,116.64,4.761904762,5.832,6.0
599703e167d5,Giza,Naypyitaw,Member,Female,Home and lifestyle,78.38,4,15.676,329.196,3/24/2019,5:56:00 PM,Cash,313.52,4.761904762,15.676,7.9
a2c9f8365586,Giza,Naypyitaw,Normal,Male,Health and beauty,84.61,10,42.305,888.405,2/9/2019,6:58:00 PM,Credit card,846.1,4.761904762,42.305,8.8
0b2168126eac,Cairo,Mandalay,Normal,Female,Health and beauty,82.88,5,20.72,435.12,3/24/2019,2:08:00 PM,Credit card,414.4,4.761904762,20.72,6.6
4cff82d488dd,Alex,Yangon,Member,Female,Food and beverages,79.54,2,7.954,167.034,3/27/2019,4:30:00 PM,Ewallet,159.08,4.761904762,7.954,6.2
0ef0125517d4,Cairo,Mandalay,Normal,Female,Home and lifestyle,49.01,10,24.505,514.605,1/27/2019,10:44:00 AM,Credit card,490.1,4.761904762,24.505,4.2
0062a9f14912,Cairo,Mandalay,Member,Female,Food and beverages,29.15,3,4.3725,91.8225,3/27/2019,8:29:00 PM,Credit card,87.45,4.761904762,4.3725,7.3
1bdd23e6384d,Giza,Naypyitaw,Normal,Female,Electronic accessories,56.13,4,11.226,235.746,1/19/2019,11:43:00 AM,Ewallet,224.52,4.761904762,11.226,8.6
2a27306a7338,Alex,Yangon,Normal,Female,Home and lifestyle,93.12,8,37.248,782.208,2/7/2019,10:09:00 AM,Cash,744.96,4.761904762,37.248,6.8
e6174c6cbbbd,Alex,Yangon,Member,Male,Fashion accessories,51.34,8,20.536,431.256,1/31/2019,10:00:00 AM,Ewallet,410.72,4.761904762,20.536,7.6
c24959a7deba,Alex,Yangon,Member,Female,Food and beverages,99.6,3,14.94,313.74,2/25/2019,6:45:00 PM,Cash,298.8,4.761904762,14.94,5.8
425a79e6a53e,Giza,Naypyitaw,Normal,Female,Electronic accessories,35.49,6,10.647,223.587,2/2/2019,12:40:00 PM,Cash,212.94,4.761904762,10.647,4.1
4a6c11553e3a,Giza,Naypyitaw,Member,Male,Sports and travel,42.85,1,2.1425,44.9925,3/14/2019,3:36:00 PM,Credit card,42.85,4.761904762,2.1425,9.3
6cb619478c6c,Alex,Yangon,Normal,Female,Fashion accessories,94.67,4,18.934,397.614,3/11/2019,12:04:00 PM,Cash,378.68,4.761904762,18.934,6.8
c506fb41467b,Cairo,Mandalay,Normal,Male,Home and lifestyle,68.97,3,10.3455,217.2555,2/22/2019,11:26:00 AM,Ewallet,206.91,4.761904762,10.3455,8.7
7351abda5274,Cairo,Mandalay,Member,Female,Electronic accessories,26.26,3,3.939,82.719,3/2/2019,12:36:00 PM,Ewallet,78.78,4.761904762,3.939,6.3
b3628a857025,Giza,Naypyitaw,Member,Female,Home and lifestyle,35.79,9,16.1055,338.2155,3/10/2019,3:06:00 PM,Credit card,322.11,4.761904762,16.1055,5.1
1c1982945ec9,Cairo,Mandalay,Normal,Female,Home and lifestyle,16.37,6,4.911,103.131,2/8/2019,10:58:00 AM,Cash,98.22,4.761904762,4.911,7.0
5679b9a3464e,Giza,Naypyitaw,Member,Female,Home and lifestyle,12.73,2,1.273,26.733,2/22/2019,12:10:00 PM,Credit card,25.46,4.761904762,1.273,5.2
c040d967f80e,Giza,Naypyitaw,Normal,Female,Sports and travel,83.14,7,29.099,611.079,1/10/2019,10:31:00 AM,Credit card,581.98,4.761904762,29.099,6.6
e6b192af23b9,Giza,Naypyitaw,Member,Female,Sports and travel,35.22,6,10.566,221.886,3/14/2019,1:49:00 PM,Ewallet,211.32,4.761904762,10.566,6.5
9405c5a1745c,Cairo,Mandalay,Normal,Female,Electronic accessories,13.78,4,2.756,57.876,1/10/2019,11:10:00 AM,Ewallet,55.12,4.761904762,2.756,9.0
6e3c2366850d,Cairo,Mandalay,Member,Male,Sports and travel,88.31,1,4.4155,92.7255,2/15/2019,5:38:00 PM,Credit card,88.31,4.761904762,4.4155,5.2
6f72fc3f16c2,Alex,Yangon,Member,Female,Health and beauty,39.62,9,17.829,374.409,1/13/2019,5:54:00 PM,Credit card,356.58,4.761904762,17.829,6.8
f63b82e71121,Cairo,Mandalay,Normal,Female,Electronic accessories,88.25,9,39.7125,833.9625,2/15/2019,8:51:00 PM,Credit card,794.25,4.761904762,39.7125,7.6
fd12f0c6f0a1,Cairo,Mandalay,Normal,Male,Sports and travel,25.31,2,2.531,53.151,3/2/2019,7:26:00 PM,Ewallet,50.62,4.761904762,2.531,7.2
a059ee927644,Cairo,Mandalay,Normal,Male,Home and lifestyle,99.92,6,29.976,629.496,3/24/2019,1:33:00 PM,Ewallet,599.52,4.761904762,29.976,7.1
326a3f09ea71,Giza,Naypyitaw,Member,Female,Fashion accessories,83.35,2,8.335,175.035,2/2/2019,2:05:00 PM,Credit card,166.7,4.761904762,8.335,9.5
9d8c96111d10,Alex,Yangon,Normal,Female,Food and beverages,74.44,10,37.22,781.62,2/27/2019,11:40:00 AM,Ewallet,744.4,4.761904762,37.22,5.1
721e1a92e2d9,Giza,Naypyitaw,Normal,Male,Health and beauty,64.08,7,22.428,470.988,1/20/2019,12:27:00 PM,Ewallet,448.56,4.761904762,22.428,7.6
e0c69134fe28,Cairo,Mandalay,Normal,Female,Home and lifestyle,63.15,6,18.945,397.845,1/3/2019,8:24:00 PM,Ewallet,378.9,4.761904762,18.945,9.8
283553e2860c,Giza,Naypyitaw,Member,Male,Home and lifestyle,85.72,3,12.858,270.018,1/24/2019,8:59:00 PM,Ewallet,257.16,4.761904762,12.858,5.1
89790b7b63a2,Giza,Naypyitaw,Normal,Female,Health and beauty,78.89,7,27.6115,579.8415,1/5/2019,7:48:00 PM,Ewallet,552.23,4.761904762,27.6115,7.5
62ef91691582,Alex,Yangon,Normal,Female,Sports and travel,89.48,5,22.37,469.77,3/30/2019,10:18:00 AM,Cash,447.4,4.761904762,22.37,7.4
d6420de98626,Alex,Yangon,Member,Female,Health and beauty,92.09,3,13.8135,290.0835,2/17/2019,4:27:00 PM,Cash,276.27,4.761904762,13.8135,4.2
30885018a87e,Giza,Naypyitaw,Normal,Female,Food and beverages,57.29,6,17.187,360.927,3/21/2019,5:04:00 PM,Ewallet,343.74,4.761904762,17.187,5.9
99581ccb32fb,Alex,Yangon,Normal,Male,Food and beverages,66.52,4,13.304,279.384,3/2/2019,6:14:00 PM,Ewallet,266.08,4.761904762,13.304,6.9
805b03e813da,Giza,Naypyitaw,Member,Male,Fashion accessories,99.82,9,44.919,943.299,3/27/2019,10:43:00 AM,Cash,898.38,4.761904762,44.919,6.6
e37e418f76f9,Alex,Yangon,Normal,Female,Home and lifestyle,45.68,10,22.84,479.64,1/19/2019,7:30:00 PM,Ewallet,456.8,4.761904762,22.84,5.7
f0ddc3527bd4,Alex,Yangon,Normal,Male,Health and beauty,50.79,5,12.6975,266.6475,2/19/2019,2:53:00 PM,Credit card,253.95,4.761904762,12.6975,5.3
5faf9386c15a,Alex,Yangon,Member,Male,Health and beauty,10.08,7,3.528,74.088,3/28/2019,8:14:00 PM,Cash,70.56,4.761904762,3.528,4.2
53dfdae8ea99,Alex,Yangon,Normal,Female,Electronic accessories,93.88,7,32.858,690.018,1/5/2019,11:51:00 AM,Credit card,657.16,4.761904762,32.858,7.3
dba2958ee9d2,Giza,Naypyitaw,Member,Male,Electronic accessories,84.25,2,8.425,176.925,3/26/2019,2:13:00 PM,Credit card,168.5,4.761904762,8.425,5.3
ce774330bc29,Cairo,Mandalay,Member,Male,Fashion accessories,53.78,1,2.689,56.469,2/3/2019,8:13:00 PM,Ewallet,53.78,4.761904762,2.689,4.7
51ad57c31dbe,Giza,Naypyitaw,Member,Male,Home and lifestyle,35.81,5,8.9525,188.0025,2/6/2019,6:44:00 PM,Ewallet,179.05,4.761904762,8.9525,7.9
ffc26caf848e,Cairo,Mandalay,Normal,Female,Food and beverages,26.43,8,10.572,222.012,2/24/2019,2:26:00 PM,Ewallet,211.44,4.761904762,10.572,8.9
6e995ac3ad50,Cairo,Mandalay,Member,Male,Health and beauty,39.91,3,5.9865,125.7165,2/21/2019,12:40:00 PM,Ewallet,119.73,4.761904762,5.9865,9.3
87724d0ad880,Cairo,Mandalay,Member,Female,Home and lifestyle,21.9,3,3.285,68.985,1/9/2019,6:43:00 PM,Ewallet,65.7,4.761904762,3.285,4.7
61bef3f0f31a,Cairo,Mandalay,Member,Female,Food and beverages,62.85,4,12.57,263.97,2/25/2019,1:22:00 PM,Ewallet,251.4,4.761904762,12.57,8.7
b043ee9a97af,Giza,Naypyitaw,Member,Female,Food and beverages,21.04,4,4.208,88.368,1/13/2019,1:58:00 PM,Cash,84.16,4.761904762,4.208,7.6
a1615b6d61ce,Cairo,Mandalay,Member,Male,Home and lifestyle,65.91,6,19.773,415.233,2/9/2019,11:45:00 AM,Cash,395.46,4.761904762,19.773,5.7
3afac64d0247,Alex,Yangon,Normal,Female,Fashion accessories,42.57,7,14.8995,312.8895,1/6/2019,11:51:00 AM,Cash,297.99,4.761904762,14.8995,6.8
384fdb2bd778,Giza,Naypyitaw,Member,Male,Food and beverages,50.49,9,22.7205,477.1305,1/10/2019,5:16:00 PM,Cash,454.41,4.761904762,22.7205,5.4
39caf7205a10,Cairo,Mandalay,Normal,Male,Electronic accessories,46.02,6,13.806,289.926,2/7/2019,3:55:00 PM,Cash,276.12,4.761904762,13.806,7.1
4dc792d82ca7,Giza,Naypyitaw,Normal,Female,Home and lifestyle,15.8,10,7.9,165.9,1/9/2019,12:07:00 PM,Cash,158.0,4.761904762,7.9,7.8
3a89c537b609,Alex,Yangon,Member,Female,Food and beverages,98.66,9,44.397,932.337,2/19/2019,3:07:00 PM,Cash,887.94,4.761904762,44.397,8.4
417e1c20c2ab,Giza,Naypyitaw,Member,Male,Fashion accessories,91.98,1,4.599,96.579,3/18/2019,3:29:00 PM,Cash,91.98,4.761904762,4.599,9.8
9cc524773170,Alex,Yangon,Member,Male,Electronic accessories,20.89,2,2.089,43.869,2/5/2019,6:45:00 PM,Cash,41.78,4.761904762,2.089,9.8
13512ac15b90,Alex,Yangon,Normal,Female,Fashion accessories,15.5,1,0.775,16.275,3/19/2019,3:23:00 PM,Credit card,15.5,4.761904762,0.775,7.4
24d27aa12bb9,Giza,Naypyitaw,Member,Male,Electronic accessories,96.82,3,14.523,304.983,3/30/2019,8:37:00 PM,Cash,290.46,4.761904762,14.523,6.7
496998ab11fa,Cairo,Mandalay,Normal,Male,Food and beverages,33.33,2,3.333,69.993,1/26/2019,2:41:00 PM,Credit card,66.66,4.761904762,3.333,6.4
b69f9b0d58f7,Cairo,Mandalay,Normal,Female,Electronic accessories,38.27,2,3.827,80.367,3/2/2019,6:18:00 PM,Credit card,76.54,4.761904762,3.827,5.8
7f8a3f7721f6,Alex,Yangon,Normal,Female,Home and lifestyle,33.3,9,14.985,314.685,3/4/2019,3:27:00 PM,Ewallet,299.7,4.761904762,14.985,7.2
9f1f90afa5d1,Alex,Yangon,Member,Male,Home and lifestyle,81.01,3,12.1515,255.1815,1/13/2019,12:55:00 PM,Credit card,243.03,4.761904762,12.1515,9.3
80bb0a85f6d7,Alex,Yangon,Normal,Female,Health and beauty,15.8,3,2.37,49.77,3/25/2019,6:02:00 PM,Cash,47.4,4.761904762,2.37,9.5
74fd65c98e90,Cairo,Mandalay,Member,Female,Electronic accessories,34.49,5,8.6225,181.0725,3/11/2019,7:44:00 PM,Credit card,172.45,4.761904762,8.6225,9.0
f6eb6a5133f8,Cairo,Mandalay,Member,Female,Food and beverages,84.63,10,42.315,888.615,1/1/2019,11:36:00 AM,Credit card,846.3,4.761904762,42.315,9.0
c51077d44c5f,Cairo,Mandalay,Member,Male,Home and lifestyle,36.91,7,12.9185,271.2885,2/10/2019,1:51:00 PM,Ewallet,258.37,4.761904762,12.9185,6.7
c828c2888463,Cairo,Mandalay,Normal,Male,Electronic accessories,87.08,7,30.478,640.038,1/26/2019,3:17:00 PM,Cash,609.56,4.761904762,30.478,5.5
731bcd9fe2a7,Alex,Yangon,Normal,Male,Home and lifestyle,80.08,3,12.012,252.252,2/11/2019,3:29:00 PM,Cash,240.24,4.761904762,12.012,5.4
a0cdcfef49a2,Giza,Naypyitaw,Normal,Male,Fashion accessories,86.13,2,8.613,180.873,2/7/2019,5:59:00 PM,Cash,172.26,4.761904762,8.613,8.2
0b5d09708336,Cairo,Mandalay,Member,Male,Fashion accessories,49.92,2,4.992,104.832,3/6/2019,11:55:00 AM,Credit card,99.84,4.761904762,4.992,7.0
7e66dafd1ed3,Alex,Yangon,Normal,Female,Food and beverages,74.66,4,14.932,313.572,3/4/2019,10:39:00 AM,Cash,298.64,4.761904762,14.932,8.5
108e564d9817,Cairo,Mandalay,Member,Male,Food and beverages,26.6,6,7.98,167.58,2/26/2019,3:10:00 PM,Ewallet,159.6,4.761904762,7.98,4.9
214f0b284094,Cairo,Mandalay,Normal,Female,Electronic accessories,25.45,1,1.2725,26.7225,3/10/2019,6:10:00 PM,Credit card,25.45,4.761904762,1.2725,5.1
9a1c01a19856,Cairo,Mandalay,Normal,Female,Food and beverages,67.77,1,3.3885,71.1585,2/4/2019,8:43:00 PM,Credit card,67.77,4.761904762,3.3885,6.5
9f022bbf7d83,Giza,Naypyitaw,Member,Male,Food and beverages,59.59,4,11.918,250.278,1/19/2019,12:46:00 PM,Cash,238.36,4.761904762,11.918,9.8
45b6a47c9b97,Alex,Yangon,Normal,Male,Health and beauty,58.15,4,11.63,244.23,1/23/2019,5:44:00 PM,Cash,232.6,4.761904762,11.63,8.4
4b73c4acdebc,Alex,Yangon,Member,Female,Sports and travel,97.48,9,43.866,921.186,3/14/2019,2:19:00 PM,Ewallet,877.32,4.761904762,43.866,7.4
d77e60a1e109,Giza,Naypyitaw,Normal,Male,Health and beauty,99.96,7,34.986,734.706,1/23/2019,10:33:00 AM,Cash,699.72,4.761904762,34.986,6.1
8aa9c292279e,Giza,Naypyitaw,Normal,Male,Electronic accessories,96.37,7,33.7295,708.3195,1/9/2019,11:40:00 AM,Cash,674.59,4.761904762,33.7295,6.0
61187e8cd954,Cairo,Mandalay,Normal,Female,Fashion accessories,63.71,5,15.9275,334.4775,2/7/2019,7:30:00 PM,Ewallet,318.55,4.761904762,15.9275,8.5
ef4b00e98481,Cairo,Mandalay,Normal,Female,Health and beauty,14.76,2,1.476,30.996,2/18/2019,2:42:00 PM,Ewallet,29.52,4.761904762,1.476,4.3
6f75c630102d,Cairo,Mandalay,Member,Male,Health and beauty,62.0,8,24.8,520.8,1/3/2019,7:08:00 PM,Credit card,496.0,4.761904762,24.8,6.2
d142e5ae77e5,Giza,Naypyitaw,Member,Male,Electronic accessories,82.34,10,41.17,864.57,3/29/2019,7:12:00 PM,Ewallet,823.4,4.761904762,41.17,4.3
9ac6c71ca616,Cairo,Mandalay,Member,Male,Health and beauty,75.37,8,30.148,633.108,1/28/2019,3:46:00 PM,Credit card,602.96,4.761904762,30.148,8.4
ac7f2a413f9e,Alex,Yangon,Normal,Female,Food and beverages,56.56,5,14.14,296.94,3/22/2019,7:06:00 PM,Credit card,282.8,4.761904762,14.14,4.5
42496160c141,Cairo,Mandalay,Normal,Female,Sports and travel,76.6,10,38.3,804.3,1/24/2019,6:10:00 PM,Ewallet,766.0,4.761904762,38.3,6.0
ef2e5dc2f0cf,Alex,Yangon,Normal,Male,Electronic accessories,58.03,2,5.803,121.863,3/10/2019,8:46:00 PM,Ewallet,116.06,4.761904762,5.803,8.8
59af6c9816d5,Cairo,Mandalay,Normal,Male,Fashion accessories,17.49,10,8.745,183.645,2/22/2019,6:35:00 PM,Ewallet,174.9,4.761904762,8.745,6.6
cfc92944c08a,Giza,Naypyitaw,Member,Female,Electronic accessories,60.95,1,3.0475,63.9975,2/18/2019,11:40:00 AM,Ewallet,60.95,4.761904762,3.0475,5.9
5d7be637957e,Giza,Naypyitaw,Normal,Male,Health and beauty,40.35,1,2.0175,42.3675,1/29/2019,1:46:00 PM,Ewallet,40.35,4.761904762,2.0175,6.2
641d399035af,Cairo,Mandalay,Normal,Female,Home and lifestyle,97.38,10,48.69,1022.49,3/2/2019,5:16:00 PM,Ewallet,973.8,4.761904762,48.69,4.4
5127b443c03b,Alex,Yangon,Member,Male,Food and beverages,31.84,1,1.592,33.432,2/9/2019,1:22:00 PM,Cash,31.84,4.761904762,1.592,7.7
3883a8fdda66,Alex,Yangon,Normal,Male,Home and lifestyle,65.82,1,3.291,69.111,2/22/2019,3:33:00 PM,Cash,65.82,4.761904762,3.291,4.1
5d2dae4562d6,Alex,Yangon,Member,Female,Fashion accessories,88.34,7,30.919,649.299,2/18/2019,1:28:00 PM,Cash,618.38,4.761904762,30.919,6.6
